investigation_id,claim_id,review_sequence,investigation_stage,review_created_date,risk_score,primary_flag,provider_claims_last_90_days,member_claims_last_90_days,duplicate_document_signal,identity_mismatch_signal,investigation_outcome,investigation_closed_date,analyst_notes
INV0000001,CLM0000001,1,Automated screening,2025-02-26,46,Repeated provider/member pattern,1,1,Yes,Yes,Evidence requested,2025-03-23,Synthetic demonstration record; review outcome is simulated.
INV0000002,CLM0000001,2,Analyst review,2025-03-04,40,Repeated provider/member pattern,1,1,Yes,Yes,No concern identified,2025-04-14,Synthetic demonstration record; review outcome is simulated.
INV0000003,CLM0000002,1,Automated screening,2025-07-03,17,No automated concern,8,1,No,No,Cleared,,Synthetic demonstration record; no concern identified.
INV0000004,CLM0000003,1,Automated screening,2024-10-29,64,High-value claim,7,1,No,No,Evidence requested,2024-12-09,Synthetic demonstration record; review outcome is simulated.
INV0000005,CLM0000003,2,SIU review,2024-11-04,68,High-value claim,7,1,No,No,Referred to SIU,2024-11-14,Synthetic demonstration record; review outcome is simulated.
INV0000006,CLM0000004,1,Automated screening,2025-04-28,6,No automated concern,6,1,No,No,Cleared,,Synthetic demonstration record; no concern identified.
INV0000007,CLM0000005,1,Automated screening,2024-01-22,8,No automated concern,5,1,No,No,Cleared,,Synthetic demonstration record; no concern identified.
INV0000008,CLM0000006,1,Automated screening,2025-03-30,3,No automated concern,4,1,No,No,Cleared,,Synthetic demonstration record; no concern identified.
INV0000009,CLM0000007,1,Automated screening,2025-03-09,8,No automated concern,3,1,No,No,Cleared,,Synthetic demonstration record; no concern identified.
INV0000010,CLM0000008,1,Automated screening,2022-06-03,2,No automated concern,2,1,No,No,Cleared,,Synthetic demonstration record; no concern identified.
INV0000011,CLM0000009,1,Automated screening,2022-10-13,1,No automated concern,1,1,No,No,Cleared,,Synthetic demonstration record; no concern identified.
INV0000012,CLM0000010,1,Automated screening,2023-02-23,27,No automated concern,8,1,No,No,Cleared,,Synthetic demonstration record; no concern identified.
INV0000013,CLM0000011,1,Automated screening,2024-09-26,21,No automated concern,7,1,No,No,Cleared,,Synthetic demonstration record; no concern identified.
INV0000014,CLM0000012,1,Automated screening,2024-03-13,6,No automated concern,6,1,No,No,Cleared,,Synthetic demonstration record; no concern identified.
INV0000015,CLM0000013,1,Automated screening,2022-07-02,5,No automated concern,5,1,No,No,Cleared,,Synthetic demonstration record; no concern identified.
INV0000016,CLM0000014,1,Automated screening,2024-06-28,9,No automated concern,4,1,No,No,Cleared,,Synthetic demonstration record; no concern identified.
INV0000017,CLM0000015,1,Automated screening,2025-02-26,6,No automated concern,3,1,No,No,Cleared,,Synthetic demonstration record; no concern identified.
INV0000018,CLM0000016,1,Automated screening,2025-01-03,3,No automated concern,2,1,No,No,Cleared,,Synthetic demonstration record; no concern identified.
INV0000019,CLM0000017,1,Automated screening,2022-02-08,65,High-value claim; unusual amount,1,1,No,No,Evidence requested,2022-03-23,Synthetic demonstration record; review outcome is simulated.
INV0000020,CLM0000017,2,Analyst review,2022-02-18,80,High-value claim; unusual amount,1,1,No,No,No concern identified,2022-02-26,Synthetic demonstration record; review outcome is simulated.
INV0000021,CLM0000017,3,SIU review,2022-02-24,79,High-value claim; unusual amount,1,1,No,No,Referred to SIU,2022-03-04,Synthetic demonstration record; review outcome is simulated.
INV0000022,CLM0000018,1,Automated screening,2024-03-04,23,No automated concern,8,1,No,No,Cleared,,Synthetic demonstration record; no concern identified.
INV0000023,CLM0000019,1,Automated screening,2023-01-01,16,No automated concern,7,1,No,No,Cleared,,Synthetic demonstration record; no concern identified.
INV0000024,CLM0000020,1,Automated screening,2022-12-11,6,No automated concern,6,1,No,No,Cleared,,Synthetic demonstration record; no concern identified.
INV0000025,CLM0000021,1,Automated screening,2023-01-30,5,No automated concern,5,1,No,No,Cleared,,Synthetic demonstration record; no concern identified.
INV0000026,CLM0000022,1,Automated screening,2024-11-17,11,No automated concern,4,1,No,No,Cleared,,Synthetic demonstration record; no concern identified.
INV0000027,CLM0000023,1,Automated screening,2025-01-06,9,No automated concern,3,1,No,No,Cleared,,Synthetic demonstration record; no concern identified.
INV0000028,CLM0000024,1,Automated screening,2023-02-08,54,High-value claim,2,1,No,No,Evidence requested,2023-03-05,Synthetic demonstration record; review outcome is simulated.
INV0000029,CLM0000024,2,SIU review,2023-02-15,61,High-value claim,2,1,No,No,Referred to SIU,2023-03-07,Synthetic demonstration record; review outcome is simulated.
INV0000030,CLM0000025,1,Automated screening,2023-08-12,8,No automated concern,1,1,No,No,Cleared,,Synthetic demonstration record; no concern identified.
INV0000031,CLM0000026,1,Automated screening,2024-11-22,20,No automated concern,8,1,No,No,Cleared,,Synthetic demonstration record; no concern identified.
INV0000032,CLM0000027,1,Automated screening,2025-10-20,20,No automated concern,7,1,No,No,Cleared,,Synthetic demonstration record; no concern identified.
INV0000033,CLM0000028,1,Automated screening,2023-06-08,4,No automated concern,6,1,No,No,Cleared,,Synthetic demonstration record; no concern identified.
INV0000034,CLM0000029,1,Automated screening,2022-04-15,11,No automated concern,5,1,No,No,Cleared,,Synthetic demonstration record; no concern identified.
INV0000035,CLM0000030,1,Automated screening,2025-05-05,25,No automated concern,4,1,No,No,Cleared,,Synthetic demonstration record; no concern identified.
INV0000036,CLM0000031,1,Automated screening,2022-08-21,4,No automated concern,3,1,No,No,Cleared,,Synthetic demonstration record; no concern identified.
INV0000037,CLM0000032,1,Automated screening,2025-01-21,36,Repeated provider/member pattern,2,1,No,No,Evidence requested,2025-03-01,Synthetic demonstration record; review outcome is simulated.
INV0000038,CLM0000032,2,Analyst review,2025-01-27,51,Repeated provider/member pattern,2,1,No,No,No concern identified,2025-02-23,Synthetic demonstration record; review outcome is simulated.
INV0000039,CLM0000033,1,Automated screening,2025-06-10,1,No automated concern,1,1,No,No,Cleared,,Synthetic demonstration record; no concern identified.
INV0000040,CLM0000034,1,Automated screening,2022-05-23,74,High-value claim; unusual amount,8,1,No,No,Evidence requested,2022-07-02,Synthetic demonstration record; review outcome is simulated.
INV0000041,CLM0000034,2,Analyst review,2022-05-29,71,High-value claim; unusual amount,8,1,No,No,No concern identified,2022-07-02,Synthetic demonstration record; review outcome is simulated.
INV0000042,CLM0000034,3,SIU review,2022-06-07,73,High-value claim; unusual amount,8,1,No,No,Referred to SIU,2022-06-16,Synthetic demonstration record; review outcome is simulated.
INV0000043,CLM0000035,1,Automated screening,2025-03-09,25,No automated concern,7,1,No,No,Cleared,,Synthetic demonstration record; no concern identified.
INV0000044,CLM0000036,1,Automated screening,2024-09-29,4,No automated concern,6,1,No,No,Cleared,,Synthetic demonstration record; no concern identified.
INV0000045,CLM0000037,1,Automated screening,2023-08-31,4,No automated concern,5,1,No,No,Cleared,,Synthetic demonstration record; no concern identified.
INV0000046,CLM0000038,1,Automated screening,2025-09-06,4,No automated concern,4,1,No,No,Cleared,,Synthetic demonstration record; no concern identified.
INV0000047,CLM0000039,1,Automated screening,2022-10-30,11,No automated concern,3,1,No,No,Cleared,,Synthetic demonstration record; no concern identified.
INV0000048,CLM0000040,1,Automated screening,2023-03-24,10,No automated concern,2,1,No,No,Cleared,,Synthetic demonstration record; no concern identified.
INV0000049,CLM0000041,1,Automated screening,2025-07-29,6,No automated concern,1,1,No,No,Cleared,,Synthetic demonstration record; no concern identified.
INV0000050,CLM0000042,1,Automated screening,2023-05-16,21,No automated concern,8,1,No,No,Cleared,,Synthetic demonstration record; no concern identified.
INV0000051,CLM0000043,1,Automated screening,2024-04-28,20,No automated concern,7,1,No,No,Cleared,,Synthetic demonstration record; no concern identified.
INV0000052,CLM0000044,1,Automated screening,2024-01-31,2,No automated concern,6,1,No,No,Cleared,,Synthetic demonstration record; no concern identified.
INV0000053,CLM0000045,1,Automated screening,2024-04-04,4,No automated concern,5,1,No,No,Cleared,,Synthetic demonstration record; no concern identified.
INV0000054,CLM0000046,1,Automated screening,2023-11-21,1,No automated concern,4,1,No,No,Cleared,,Synthetic demonstration record; no concern identified.
INV0000055,CLM0000047,1,Automated screening,2025-03-20,3,No automated concern,3,1,No,No,Cleared,,Synthetic demonstration record; no concern identified.
INV0000056,CLM0000048,1,Automated screening,2022-10-03,6,No automated concern,2,1,Yes,No,Cleared,,Synthetic demonstration record; no concern identified.
INV0000057,CLM0000049,1,Automated screening,2024-07-14,12,No automated concern,1,1,No,No,Cleared,,Synthetic demonstration record; no concern identified.
INV0000058,CLM0000050,1,Automated screening,2022-08-17,19,No automated concern,8,1,No,No,Cleared,,Synthetic demonstration record; no concern identified.
INV0000059,CLM0000051,1,Automated screening,2022-03-17,65,High-value claim; unusual amount,7,1,No,No,Evidence requested,2022-03-25,Synthetic demonstration record; review outcome is simulated.
INV0000060,CLM0000051,2,Analyst review,2022-03-24,80,High-value claim; unusual amount,7,1,No,No,No concern identified,2022-04-23,Synthetic demonstration record; review outcome is simulated.
INV0000061,CLM0000051,3,SIU review,2022-04-01,80,High-value claim; unusual amount,7,1,No,No,Referred to SIU,2022-04-07,Synthetic demonstration record; review outcome is simulated.
INV0000062,CLM0000052,1,Automated screening,2025-02-10,4,No automated concern,6,1,No,No,Cleared,,Synthetic demonstration record; no concern identified.
INV0000063,CLM0000053,1,Automated screening,2025-06-19,1,No automated concern,5,1,No,No,Cleared,,Synthetic demonstration record; no concern identified.
INV0000064,CLM0000054,1,Automated screening,2025-09-22,5,No automated concern,4,1,No,No,Cleared,,Synthetic demonstration record; no concern identified.
INV0000065,CLM0000055,1,Automated screening,2023-01-05,8,No automated concern,3,1,No,No,Cleared,,Synthetic demonstration record; no concern identified.
INV0000066,CLM0000056,1,Automated screening,2025-02-09,12,No automated concern,2,1,No,No,Cleared,,Synthetic demonstration record; no concern identified.
INV0000067,CLM0000057,1,Automated screening,2023-06-02,2,No automated concern,1,1,No,No,Cleared,,Synthetic demonstration record; no concern identified.
INV0000068,CLM0000058,1,Automated screening,2024-08-18,19,No automated concern,8,1,No,No,Cleared,,Synthetic demonstration record; no concern identified.
INV0000069,CLM0000059,1,Automated screening,2022-12-04,36,No automated concern,7,1,No,No,Cleared,,Synthetic demonstration record; no concern identified.
INV0000070,CLM0000060,1,Automated screening,2025-06-06,0,No automated concern,6,1,No,No,Cleared,,Synthetic demonstration record; no concern identified.
INV0000071,CLM0000061,1,Automated screening,2025-04-20,2,No automated concern,5,1,No,No,Cleared,,Synthetic demonstration record; no concern identified.
INV0000072,CLM0000062,1,Automated screening,2023-11-02,1,No automated concern,4,1,No,Yes,Cleared,,Synthetic demonstration record; no concern identified.
INV0000073,CLM0000063,1,Automated screening,2022-02-21,47,Repeated provider/member pattern,3,1,No,No,Evidence requested,2022-03-22,Synthetic demonstration record; review outcome is simulated.
INV0000074,CLM0000063,2,Analyst review,2022-02-28,44,Repeated provider/member pattern,3,1,No,No,No concern identified,2022-03-17,Synthetic demonstration record; review outcome is simulated.
INV0000075,CLM0000064,1,Automated screening,2024-01-30,5,No automated concern,2,1,No,No,Cleared,,Synthetic demonstration record; no concern identified.
INV0000076,CLM0000065,1,Automated screening,2023-01-31,9,No automated concern,1,1,No,No,Cleared,,Synthetic demonstration record; no concern identified.
INV0000077,CLM0000066,1,Automated screening,2024-07-12,19,No automated concern,8,1,No,No,Cleared,,Synthetic demonstration record; no concern identified.
INV0000078,CLM0000067,1,Automated screening,2024-04-09,15,No automated concern,7,1,No,No,Cleared,,Synthetic demonstration record; no concern identified.
INV0000079,CLM0000068,1,Automated screening,2022-04-07,65,High-value claim; unusual amount,6,1,No,No,Evidence requested,2022-05-14,Synthetic demonstration record; review outcome is simulated.
INV0000080,CLM0000068,2,Analyst review,2022-04-17,70,High-value claim; unusual amount,6,1,No,No,No concern identified,2022-05-25,Synthetic demonstration record; review outcome is simulated.
INV0000081,CLM0000068,3,SIU review,2022-04-23,80,High-value claim; unusual amount,6,1,No,No,Referred to SIU,2022-06-02,Synthetic demonstration record; review outcome is simulated.
INV0000082,CLM0000069,1,Automated screening,2024-06-17,5,No automated concern,5,1,No,No,Cleared,,Synthetic demonstration record; no concern identified.
INV0000083,CLM0000070,1,Automated screening,2025-06-25,4,No automated concern,4,1,No,No,Cleared,,Synthetic demonstration record; no concern identified.
INV0000084,CLM0000071,1,Automated screening,2024-11-07,2,No automated concern,3,1,No,No,Cleared,,Synthetic demonstration record; no concern identified.
INV0000085,CLM0000072,1,Automated screening,2022-02-21,12,No automated concern,2,1,No,No,Cleared,,Synthetic demonstration record; no concern identified.
INV0000086,CLM0000073,1,Automated screening,2024-07-14,2,No automated concern,1,1,No,No,Cleared,,Synthetic demonstration record; no concern identified.
INV0000087,CLM0000074,1,Automated screening,2025-09-19,17,No automated concern,8,1,No,No,Cleared,,Synthetic demonstration record; no concern identified.
INV0000088,CLM0000075,1,Automated screening,2023-05-11,16,No automated concern,7,1,No,No,Cleared,,Synthetic demonstration record; no concern identified.
INV0000089,CLM0000076,1,Automated screening,2024-01-10,12,No automated concern,6,1,No,No,Cleared,,Synthetic demonstration record; no concern identified.
INV0000090,CLM0000077,1,Automated screening,2023-12-11,12,No automated concern,5,1,No,No,Cleared,,Synthetic demonstration record; no concern identified.
INV0000091,CLM0000078,1,Automated screening,2022-11-19,7,No automated concern,4,1,No,No,Cleared,,Synthetic demonstration record; no concern identified.
INV0000092,CLM0000079,1,Automated screening,2022-06-22,12,No automated concern,3,1,No,No,Cleared,,Synthetic demonstration record; no concern identified.
INV0000093,CLM0000080,1,Automated screening,2022-03-16,2,No automated concern,2,1,No,No,Cleared,,Synthetic demonstration record; no concern identified.
INV0000094,CLM0000081,1,Automated screening,2023-12-02,4,No automated concern,1,1,No,No,Cleared,,Synthetic demonstration record; no concern identified.
INV0000095,CLM0000082,1,Automated screening,2023-02-08,68,High-value claim,8,1,No,No,Evidence requested,2023-03-25,Synthetic demonstration record; review outcome is simulated.
INV0000096,CLM0000082,2,SIU review,2023-02-15,64,High-value claim,8,1,No,No,Referred to SIU,2023-03-27,Synthetic demonstration record; review outcome is simulated.
INV0000097,CLM0000083,1,Automated screening,2024-04-04,27,No automated concern,7,1,No,No,Cleared,,Synthetic demonstration record; no concern identified.
INV0000098,CLM0000084,1,Automated screening,2024-02-22,11,No automated concern,6,1,No,No,Cleared,,Synthetic demonstration record; no concern identified.
INV0000099,CLM0000085,1,Automated screening,2024-12-19,68,High-value claim; unusual amount,5,1,No,No,Evidence requested,2024-12-27,Synthetic demonstration record; review outcome is simulated.
INV0000100,CLM0000085,2,Analyst review,2024-12-23,78,High-value claim; unusual amount,5,1,No,No,No concern identified,2025-01-17,Synthetic demonstration record; review outcome is simulated.
INV0000101,CLM0000085,3,SIU review,2025-01-01,85,High-value claim; unusual amount,5,1,No,No,Referred to SIU,2025-01-25,Synthetic demonstration record; review outcome is simulated.
INV0000102,CLM0000086,1,Automated screening,2026-01-05,11,No automated concern,4,1,No,No,Cleared,,Synthetic demonstration record; no concern identified.
INV0000103,CLM0000087,1,Automated screening,2023-08-24,6,No automated concern,3,1,No,No,Cleared,,Synthetic demonstration record; no concern identified.
INV0000104,CLM0000088,1,Automated screening,2022-08-14,28,No automated concern,2,1,No,No,Cleared,,Synthetic demonstration record; no concern identified.
INV0000105,CLM0000089,1,Automated screening,2022-11-14,12,No automated concern,1,1,No,No,Cleared,,Synthetic demonstration record; no concern identified.
INV0000106,CLM0000090,1,Automated screening,2024-12-09,22,No automated concern,8,1,No,No,Cleared,,Synthetic demonstration record; no concern identified.
INV0000107,CLM0000091,1,Automated screening,2022-03-21,16,No automated concern,7,1,No,No,Cleared,,Synthetic demonstration record; no concern identified.
INV0000108,CLM0000092,1,Automated screening,2024-02-27,7,No automated concern,6,1,No,No,Cleared,,Synthetic demonstration record; no concern identified.
INV0000109,CLM0000093,1,Automated screening,2024-05-18,12,No automated concern,5,1,No,No,Cleared,,Synthetic demonstration record; no concern identified.
INV0000110,CLM0000094,1,Automated screening,2024-12-03,41,Repeated provider/member pattern,4,1,No,No,Evidence requested,2024-12-22,Synthetic demonstration record; review outcome is simulated.
INV0000111,CLM0000094,2,Analyst review,2024-12-13,49,Repeated provider/member pattern,4,1,No,No,No concern identified,2025-01-23,Synthetic demonstration record; review outcome is simulated.
INV0000112,CLM0000095,1,Automated screening,2024-03-19,9,No automated concern,3,1,Yes,No,Cleared,,Synthetic demonstration record; no concern identified.
INV0000113,CLM0000096,1,Automated screening,2023-07-20,5,No automated concern,2,1,No,No,Cleared,,Synthetic demonstration record; no concern identified.
INV0000114,CLM0000097,1,Automated screening,2023-12-13,7,No automated concern,1,1,No,No,Cleared,,Synthetic demonstration record; no concern identified.
INV0000115,CLM0000098,1,Automated screening,2025-09-10,27,No automated concern,8,1,No,No,Cleared,,Synthetic demonstration record; no concern identified.
INV0000116,CLM0000099,1,Automated screening,2024-10-25,17,No automated concern,7,1,No,No,Cleared,,Synthetic demonstration record; no concern identified.
INV0000117,CLM0000100,1,Automated screening,2024-11-14,1,No automated concern,6,1,No,No,Cleared,,Synthetic demonstration record; no concern identified.
INV0000118,CLM0000101,1,Automated screening,2025-07-13,5,No automated concern,5,1,No,No,Cleared,,Synthetic demonstration record; no concern identified.
INV0000119,CLM0000102,1,Automated screening,2022-10-03,71,High-value claim; unusual amount,4,1,No,No,Evidence requested,2022-10-18,Synthetic demonstration record; review outcome is simulated.
INV0000120,CLM0000102,2,Analyst review,2022-10-11,75,High-value claim; unusual amount,4,1,No,No,No concern identified,2022-10-20,Synthetic demonstration record; review outcome is simulated.
INV0000121,CLM0000102,3,SIU review,2022-10-21,85,High-value claim; unusual amount,4,1,No,No,Referred to SIU,2022-11-04,Synthetic demonstration record; review outcome is simulated.
INV0000122,CLM0000103,1,Automated screening,2022-08-13,9,No automated concern,3,1,No,No,Cleared,,Synthetic demonstration record; no concern identified.
INV0000123,CLM0000104,1,Automated screening,2023-09-29,9,No automated concern,2,1,No,No,Cleared,,Synthetic demonstration record; no concern identified.
INV0000124,CLM0000105,1,Automated screening,2025-05-28,12,No automated concern,1,1,No,No,Cleared,,Synthetic demonstration record; no concern identified.
INV0000125,CLM0000106,1,Automated screening,2023-09-27,16,No automated concern,8,1,No,No,Cleared,,Synthetic demonstration record; no concern identified.
INV0000126,CLM0000107,1,Automated screening,2024-09-16,24,No automated concern,7,1,No,No,Cleared,,Synthetic demonstration record; no concern identified.
INV0000127,CLM0000108,1,Automated screening,2024-12-23,3,No automated concern,6,1,No,No,Cleared,,Synthetic demonstration record; no concern identified.
INV0000128,CLM0000109,1,Automated screening,2022-05-21,1,No automated concern,5,1,No,No,Cleared,,Synthetic demonstration record; no concern identified.
INV0000129,CLM0000110,1,Automated screening,2024-06-11,45,High-value claim,4,1,No,No,Evidence requested,2024-07-11,Synthetic demonstration record; review outcome is simulated.
INV0000130,CLM0000110,2,SIU review,2024-06-13,50,High-value claim,4,1,No,No,Referred to SIU,2024-07-23,Synthetic demonstration record; review outcome is simulated.
INV0000131,CLM0000111,1,Automated screening,2024-04-18,0,No automated concern,3,1,No,No,Cleared,,Synthetic demonstration record; no concern identified.
INV0000132,CLM0000112,1,Automated screening,2022-06-21,10,No automated concern,2,1,No,No,Cleared,,Synthetic demonstration record; no concern identified.
INV0000133,CLM0000113,1,Automated screening,2022-06-27,12,No automated concern,1,1,No,No,Cleared,,Synthetic demonstration record; no concern identified.
INV0000134,CLM0000114,1,Automated screening,2022-07-01,22,No automated concern,8,1,No,No,Cleared,,Synthetic demonstration record; no concern identified.
INV0000135,CLM0000115,1,Automated screening,2025-02-18,20,No automated concern,7,1,No,No,Cleared,,Synthetic demonstration record; no concern identified.
INV0000136,CLM0000116,1,Automated screening,2025-06-02,8,No automated concern,6,1,No,No,Cleared,,Synthetic demonstration record; no concern identified.
INV0000137,CLM0000117,1,Automated screening,2026-01-11,24,No automated concern,5,1,No,No,Cleared,,Synthetic demonstration record; no concern identified.
INV0000138,CLM0000118,1,Automated screening,2023-06-26,4,No automated concern,4,1,No,No,Cleared,,Synthetic demonstration record; no concern identified.
INV0000139,CLM0000119,1,Automated screening,2023-10-06,65,High-value claim; unusual amount,3,1,No,No,Evidence requested,2023-10-31,Synthetic demonstration record; review outcome is simulated.
INV0000140,CLM0000119,2,Analyst review,2023-10-11,77,High-value claim; unusual amount,3,1,No,No,No concern identified,2023-11-14,Synthetic demonstration record; review outcome is simulated.
INV0000141,CLM0000119,3,SIU review,2023-10-20,85,High-value claim; unusual amount,3,1,No,No,Referred to SIU,2023-10-31,Synthetic demonstration record; review outcome is simulated.
INV0000142,CLM0000120,1,Automated screening,2025-10-18,0,No automated concern,2,1,No,No,Cleared,,Synthetic demonstration record; no concern identified.
INV0000143,CLM0000121,1,Automated screening,2025-02-20,11,No automated concern,1,1,No,No,Cleared,,Synthetic demonstration record; no concern identified.
INV0000144,CLM0000122,1,Automated screening,2025-09-14,18,No automated concern,8,1,No,No,Cleared,,Synthetic demonstration record; no concern identified.
INV0000145,CLM0000123,1,Automated screening,2022-06-23,25,No automated concern,7,1,No,Yes,Cleared,,Synthetic demonstration record; no concern identified.
INV0000146,CLM0000124,1,Automated screening,2022-04-08,6,No automated concern,6,1,No,No,Cleared,,Synthetic demonstration record; no concern identified.
INV0000147,CLM0000125,1,Automated screening,2024-01-17,52,High-value claim,5,1,No,No,Evidence requested,2024-01-28,Synthetic demonstration record; review outcome is simulated.
INV0000148,CLM0000125,2,SIU review,2024-01-22,52,High-value claim,5,1,No,No,Referred to SIU,2024-02-10,Synthetic demonstration record; review outcome is simulated.
INV0000149,CLM0000126,1,Automated screening,2025-05-26,4,No automated concern,4,1,No,No,Cleared,,Synthetic demonstration record; no concern identified.
INV0000150,CLM0000127,1,Automated screening,2024-12-03,12,No automated concern,3,1,No,No,Cleared,,Synthetic demonstration record; no concern identified.
INV0000151,CLM0000128,1,Automated screening,2024-04-14,8,No automated concern,2,1,No,No,Cleared,,Synthetic demonstration record; no concern identified.
INV0000152,CLM0000129,1,Automated screening,2025-10-18,4,No automated concern,1,1,No,No,Cleared,,Synthetic demonstration record; no concern identified.
INV0000153,CLM0000130,1,Automated screening,2022-12-20,22,No automated concern,8,1,No,No,Cleared,,Synthetic demonstration record; no concern identified.
INV0000154,CLM0000131,1,Automated screening,2022-07-16,20,No automated concern,7,1,No,No,Cleared,,Synthetic demonstration record; no concern identified.
INV0000155,CLM0000132,1,Automated screening,2024-05-15,5,No automated concern,6,1,No,No,Cleared,,Synthetic demonstration record; no concern identified.
INV0000156,CLM0000133,1,Automated screening,2024-04-18,5,No automated concern,5,1,No,No,Cleared,,Synthetic demonstration record; no concern identified.
INV0000157,CLM0000134,1,Automated screening,2024-11-18,7,No automated concern,4,1,No,No,Cleared,,Synthetic demonstration record; no concern identified.
INV0000158,CLM0000135,1,Automated screening,2024-10-22,8,No automated concern,3,1,No,No,Cleared,,Synthetic demonstration record; no concern identified.
INV0000159,CLM0000136,1,Automated screening,2025-08-16,67,High-value claim; unusual amount,2,1,No,No,Evidence requested,2025-09-21,Synthetic demonstration record; review outcome is simulated.
INV0000160,CLM0000136,2,Analyst review,2025-08-19,69,High-value claim; unusual amount,2,1,No,No,No concern identified,2025-09-17,Synthetic demonstration record; review outcome is simulated.
INV0000161,CLM0000136,3,SIU review,2025-08-25,74,High-value claim; unusual amount,2,1,No,No,Referred to SIU,2025-09-20,Synthetic demonstration record; review outcome is simulated.
INV0000162,CLM0000137,1,Automated screening,2022-09-23,4,No automated concern,1,1,No,No,Cleared,,Synthetic demonstration record; no concern identified.
INV0000163,CLM0000138,1,Automated screening,2023-03-21,18,No automated concern,8,1,No,No,Cleared,,Synthetic demonstration record; no concern identified.
INV0000164,CLM0000139,1,Automated screening,2025-04-23,26,No automated concern,7,1,No,No,Cleared,,Synthetic demonstration record; no concern identified.
INV0000165,CLM0000140,1,Automated screening,2023-08-11,5,No automated concern,6,1,No,No,Cleared,,Synthetic demonstration record; no concern identified.
INV0000166,CLM0000141,1,Automated screening,2025-08-07,6,No automated concern,5,1,No,No,Cleared,,Synthetic demonstration record; no concern identified.
INV0000167,CLM0000142,1,Automated screening,2022-06-08,0,No automated concern,4,1,Yes,No,Cleared,,Synthetic demonstration record; no concern identified.
INV0000168,CLM0000143,1,Automated screening,2022-11-30,4,No automated concern,3,1,No,No,Cleared,,Synthetic demonstration record; no concern identified.
INV0000169,CLM0000144,1,Automated screening,2024-10-10,4,No automated concern,2,1,No,No,Cleared,,Synthetic demonstration record; no concern identified.
INV0000170,CLM0000145,1,Automated screening,2024-09-14,3,No automated concern,1,1,No,No,Cleared,,Synthetic demonstration record; no concern identified.
INV0000171,CLM0000146,1,Automated screening,2022-03-25,35,No automated concern,8,1,No,No,Cleared,,Synthetic demonstration record; no concern identified.
INV0000172,CLM0000147,1,Automated screening,2022-10-01,26,No automated concern,7,1,No,No,Cleared,,Synthetic demonstration record; no concern identified.
INV0000173,CLM0000148,1,Automated screening,2024-03-11,2,No automated concern,6,1,No,No,Cleared,,Synthetic demonstration record; no concern identified.
INV0000174,CLM0000149,1,Automated screening,2022-02-27,10,No automated concern,5,1,No,No,Cleared,,Synthetic demonstration record; no concern identified.
INV0000175,CLM0000150,1,Automated screening,2025-02-25,3,No automated concern,4,1,No,No,Cleared,,Synthetic demonstration record; no concern identified.
INV0000176,CLM0000151,1,Automated screening,2022-04-28,6,No automated concern,3,1,No,No,Cleared,,Synthetic demonstration record; no concern identified.
INV0000177,CLM0000152,1,Automated screening,2026-01-06,10,No automated concern,2,1,No,No,Cleared,,Synthetic demonstration record; no concern identified.
INV0000178,CLM0000153,1,Automated screening,2025-09-26,71,High-value claim; unusual amount,1,1,No,No,Evidence requested,2025-10-16,Synthetic demonstration record; review outcome is simulated.
INV0000179,CLM0000153,2,Analyst review,2025-10-03,73,High-value claim; unusual amount,1,1,No,No,No concern identified,2025-11-14,Synthetic demonstration record; review outcome is simulated.
INV0000180,CLM0000153,3,SIU review,2025-10-06,84,High-value claim; unusual amount,1,1,No,No,Referred to SIU,2025-11-11,Synthetic demonstration record; review outcome is simulated.
INV0000181,CLM0000154,1,Automated screening,2024-08-31,19,No automated concern,8,1,No,No,Cleared,,Synthetic demonstration record; no concern identified.
INV0000182,CLM0000155,1,Automated screening,2023-01-06,19,No automated concern,7,1,No,No,Cleared,,Synthetic demonstration record; no concern identified.
INV0000183,CLM0000156,1,Automated screening,2023-10-21,42,Repeated provider/member pattern,6,1,No,No,Evidence requested,2023-10-29,Synthetic demonstration record; review outcome is simulated.
INV0000184,CLM0000156,2,Analyst review,2023-10-28,40,Repeated provider/member pattern,6,1,No,No,No concern identified,2023-12-02,Synthetic demonstration record; review outcome is simulated.
INV0000185,CLM0000157,1,Automated screening,2022-06-10,5,No automated concern,5,1,No,No,Cleared,,Synthetic demonstration record; no concern identified.
INV0000186,CLM0000158,1,Automated screening,2023-09-10,0,No automated concern,4,1,No,No,Cleared,,Synthetic demonstration record; no concern identified.
INV0000187,CLM0000159,1,Automated screening,2024-10-07,12,No automated concern,3,1,No,No,Cleared,,Synthetic demonstration record; no concern identified.
INV0000188,CLM0000160,1,Automated screening,2022-07-24,0,No automated concern,2,1,No,No,Cleared,,Synthetic demonstration record; no concern identified.
INV0000189,CLM0000161,1,Automated screening,2022-06-30,10,No automated concern,1,1,No,No,Cleared,,Synthetic demonstration record; no concern identified.
INV0000190,CLM0000162,1,Automated screening,2022-06-09,16,No automated concern,8,1,No,No,Cleared,,Synthetic demonstration record; no concern identified.
INV0000191,CLM0000163,1,Automated screening,2025-06-12,27,No automated concern,7,1,No,No,Cleared,,Synthetic demonstration record; no concern identified.
INV0000192,CLM0000164,1,Automated screening,2025-03-22,10,No automated concern,6,1,No,No,Cleared,,Synthetic demonstration record; no concern identified.
INV0000193,CLM0000165,1,Automated screening,2024-09-07,9,No automated concern,5,1,No,No,Cleared,,Synthetic demonstration record; no concern identified.
INV0000194,CLM0000166,1,Automated screening,2025-03-17,6,No automated concern,4,1,No,No,Cleared,,Synthetic demonstration record; no concern identified.
INV0000195,CLM0000167,1,Automated screening,2025-05-18,8,No automated concern,3,1,No,No,Cleared,,Synthetic demonstration record; no concern identified.
INV0000196,CLM0000168,1,Automated screening,2024-01-15,0,No automated concern,2,1,No,No,Cleared,,Synthetic demonstration record; no concern identified.
INV0000197,CLM0000169,1,Automated screening,2023-10-23,0,No automated concern,1,1,No,No,Cleared,,Synthetic demonstration record; no concern identified.
INV0000198,CLM0000170,1,Automated screening,2025-10-25,71,High-value claim; unusual amount,8,1,No,No,Evidence requested,2025-11-19,Synthetic demonstration record; review outcome is simulated.
INV0000199,CLM0000170,2,Analyst review,2025-10-29,76,High-value claim; unusual amount,8,1,No,No,No concern identified,2025-11-05,Synthetic demonstration record; review outcome is simulated.
INV0000200,CLM0000170,3,SIU review,2025-11-06,83,High-value claim; unusual amount,8,1,No,No,Referred to SIU,2025-11-30,Synthetic demonstration record; review outcome is simulated.
INV0000201,CLM0000171,1,Automated screening,2024-02-09,24,No automated concern,7,1,No,No,Cleared,,Synthetic demonstration record; no concern identified.
INV0000202,CLM0000172,1,Automated screening,2025-05-14,12,No automated concern,6,1,No,No,Cleared,,Synthetic demonstration record; no concern identified.
INV0000203,CLM0000173,1,Automated screening,2024-09-08,3,No automated concern,5,1,No,No,Cleared,,Synthetic demonstration record; no concern identified.
INV0000204,CLM0000174,1,Automated screening,2023-12-03,3,No automated concern,4,1,No,No,Cleared,,Synthetic demonstration record; no concern identified.
INV0000205,CLM0000175,1,Automated screening,2024-07-02,23,No automated concern,3,1,No,No,Cleared,,Synthetic demonstration record; no concern identified.
INV0000206,CLM0000176,1,Automated screening,2026-01-01,11,No automated concern,2,1,No,No,Cleared,,Synthetic demonstration record; no concern identified.
INV0000207,CLM0000177,1,Automated screening,2023-04-30,11,No automated concern,1,1,No,No,Cleared,,Synthetic demonstration record; no concern identified.
INV0000208,CLM0000178,1,Automated screening,2022-04-11,18,No automated concern,8,1,No,No,Cleared,,Synthetic demonstration record; no concern identified.
INV0000209,CLM0000179,1,Automated screening,2022-07-18,17,No automated concern,7,1,No,No,Cleared,,Synthetic demonstration record; no concern identified.
INV0000210,CLM0000180,1,Automated screening,2025-09-28,10,No automated concern,6,1,No,No,Cleared,,Synthetic demonstration record; no concern identified.
INV0000211,CLM0000181,1,Automated screening,2022-03-13,45,High-value claim,5,1,No,No,Evidence requested,2022-04-18,Synthetic demonstration record; review outcome is simulated.
INV0000212,CLM0000181,2,SIU review,2022-03-18,52,High-value claim,5,1,No,No,Referred to SIU,2022-04-04,Synthetic demonstration record; review outcome is simulated.
INV0000213,CLM0000182,1,Automated screening,2022-08-06,5,No automated concern,4,1,No,No,Cleared,,Synthetic demonstration record; no concern identified.
INV0000214,CLM0000183,1,Automated screening,2025-03-20,2,No automated concern,3,1,No,No,Cleared,,Synthetic demonstration record; no concern identified.
INV0000215,CLM0000184,1,Automated screening,2022-03-28,10,No automated concern,2,1,No,Yes,Cleared,,Synthetic demonstration record; no concern identified.
INV0000216,CLM0000185,1,Automated screening,2024-07-14,1,No automated concern,1,1,No,No,Cleared,,Synthetic demonstration record; no concern identified.
INV0000217,CLM0000186,1,Automated screening,2024-12-19,15,No automated concern,8,1,No,No,Cleared,,Synthetic demonstration record; no concern identified.
INV0000218,CLM0000187,1,Automated screening,2023-09-30,66,High-value claim; unusual amount,7,1,No,No,Evidence requested,2023-11-06,Synthetic demonstration record; review outcome is simulated.
INV0000219,CLM0000187,2,Analyst review,2023-10-08,74,High-value claim; unusual amount,7,1,No,No,No concern identified,2023-10-28,Synthetic demonstration record; review outcome is simulated.
INV0000220,CLM0000187,3,SIU review,2023-10-18,83,High-value claim; unusual amount,7,1,No,No,Referred to SIU,2023-11-11,Synthetic demonstration record; review outcome is simulated.
INV0000221,CLM0000188,1,Automated screening,2026-01-18,12,No automated concern,6,1,No,No,Cleared,,Synthetic demonstration record; no concern identified.
INV0000222,CLM0000189,1,Automated screening,2024-05-17,4,No automated concern,5,1,Yes,No,Cleared,,Synthetic demonstration record; no concern identified.
INV0000223,CLM0000190,1,Automated screening,2023-05-26,10,No automated concern,4,1,No,No,Cleared,,Synthetic demonstration record; no concern identified.
INV0000224,CLM0000191,1,Automated screening,2025-06-22,7,No automated concern,3,1,No,No,Cleared,,Synthetic demonstration record; no concern identified.
INV0000225,CLM0000192,1,Automated screening,2024-11-29,4,No automated concern,2,1,No,No,Cleared,,Synthetic demonstration record; no concern identified.
INV0000226,CLM0000193,1,Automated screening,2024-07-22,10,No automated concern,1,1,No,No,Cleared,,Synthetic demonstration record; no concern identified.
INV0000227,CLM0000194,1,Automated screening,2025-09-13,15,No automated concern,8,1,No,No,Cleared,,Synthetic demonstration record; no concern identified.
INV0000228,CLM0000195,1,Automated screening,2024-07-17,19,No automated concern,7,1,No,No,Cleared,,Synthetic demonstration record; no concern identified.
INV0000229,CLM0000196,1,Automated screening,2025-02-19,9,No automated concern,6,1,No,No,Cleared,,Synthetic demonstration record; no concern identified.
INV0000230,CLM0000197,1,Automated screening,2022-08-19,5,No automated concern,5,1,No,No,Cleared,,Synthetic demonstration record; no concern identified.
INV0000231,CLM0000198,1,Automated screening,2024-10-31,1,No automated concern,4,1,No,No,Cleared,,Synthetic demonstration record; no concern identified.
INV0000232,CLM0000199,1,Automated screening,2025-10-07,2,No automated concern,3,1,No,No,Cleared,,Synthetic demonstration record; no concern identified.
INV0000233,CLM0000200,1,Automated screening,2024-07-04,1,No automated concern,2,1,No,No,Cleared,,Synthetic demonstration record; no concern identified.
INV0000234,CLM0000201,1,Automated screening,2023-10-08,11,No automated concern,1,1,No,No,Cleared,,Synthetic demonstration record; no concern identified.
INV0000235,CLM0000202,1,Automated screening,2022-07-22,20,No automated concern,8,1,No,No,Cleared,,Synthetic demonstration record; no concern identified.
INV0000236,CLM0000203,1,Automated screening,2024-09-28,19,No automated concern,7,1,No,No,Cleared,,Synthetic demonstration record; no concern identified.
INV0000237,CLM0000204,1,Automated screening,2023-01-03,72,High-value claim; unusual amount,6,1,No,No,Evidence requested,2023-01-21,Synthetic demonstration record; review outcome is simulated.
INV0000238,CLM0000204,2,Analyst review,2023-01-11,78,High-value claim; unusual amount,6,1,No,No,No concern identified,2023-01-28,Synthetic demonstration record; review outcome is simulated.
INV0000239,CLM0000204,3,SIU review,2023-01-15,82,High-value claim; unusual amount,6,1,No,No,Referred to SIU,2023-02-04,Synthetic demonstration record; review outcome is simulated.
INV0000240,CLM0000205,1,Automated screening,2024-06-27,4,No automated concern,5,1,No,No,Cleared,,Synthetic demonstration record; no concern identified.
INV0000241,CLM0000206,1,Automated screening,2024-03-26,11,No automated concern,4,1,No,No,Cleared,,Synthetic demonstration record; no concern identified.
INV0000242,CLM0000207,1,Automated screening,2023-01-16,1,No automated concern,3,1,No,No,Cleared,,Synthetic demonstration record; no concern identified.
INV0000243,CLM0000208,1,Automated screening,2024-10-15,0,No automated concern,2,1,No,No,Cleared,,Synthetic demonstration record; no concern identified.
INV0000244,CLM0000209,1,Automated screening,2022-07-31,46,High-value claim,1,1,No,No,Evidence requested,2022-08-25,Synthetic demonstration record; review outcome is simulated.
INV0000245,CLM0000209,2,SIU review,2022-08-08,57,High-value claim,1,1,No,No,Referred to SIU,2022-09-11,Synthetic demonstration record; review outcome is simulated.
INV0000246,CLM0000210,1,Automated screening,2024-11-04,23,No automated concern,8,1,No,No,Cleared,,Synthetic demonstration record; no concern identified.
INV0000247,CLM0000211,1,Automated screening,2024-01-19,17,No automated concern,7,1,No,No,Cleared,,Synthetic demonstration record; no concern identified.
INV0000248,CLM0000212,1,Automated screening,2023-10-26,4,No automated concern,6,1,No,No,Cleared,,Synthetic demonstration record; no concern identified.
INV0000249,CLM0000213,1,Automated screening,2025-12-18,0,No automated concern,5,1,No,No,Cleared,,Synthetic demonstration record; no concern identified.
INV0000250,CLM0000214,1,Automated screening,2022-09-26,2,No automated concern,4,1,No,No,Cleared,,Synthetic demonstration record; no concern identified.
INV0000251,CLM0000215,1,Automated screening,2025-03-07,12,No automated concern,3,1,No,No,Cleared,,Synthetic demonstration record; no concern identified.
INV0000252,CLM0000216,1,Automated screening,2024-02-09,12,No automated concern,2,1,No,No,Cleared,,Synthetic demonstration record; no concern identified.
INV0000253,CLM0000217,1,Automated screening,2022-06-30,7,No automated concern,1,1,No,No,Cleared,,Synthetic demonstration record; no concern identified.
INV0000254,CLM0000218,1,Automated screening,2025-09-23,40,Repeated provider/member pattern,8,1,No,No,Evidence requested,2025-10-04,Synthetic demonstration record; review outcome is simulated.
INV0000255,CLM0000218,2,Analyst review,2025-09-29,46,Repeated provider/member pattern,8,1,No,No,No concern identified,2025-10-24,Synthetic demonstration record; review outcome is simulated.
INV0000256,CLM0000219,1,Automated screening,2024-07-10,21,No automated concern,7,1,No,No,Cleared,,Synthetic demonstration record; no concern identified.
INV0000257,CLM0000220,1,Automated screening,2022-08-16,5,No automated concern,6,1,No,No,Cleared,,Synthetic demonstration record; no concern identified.
INV0000258,CLM0000221,1,Automated screening,2023-06-23,69,High-value claim; unusual amount,5,1,No,No,Evidence requested,2023-07-16,Synthetic demonstration record; review outcome is simulated.
INV0000259,CLM0000221,2,Analyst review,2023-07-03,77,High-value claim; unusual amount,5,1,No,No,No concern identified,2023-07-29,Synthetic demonstration record; review outcome is simulated.
INV0000260,CLM0000221,3,SIU review,2023-07-08,83,High-value claim; unusual amount,5,1,No,No,Referred to SIU,2023-07-30,Synthetic demonstration record; review outcome is simulated.
INV0000261,CLM0000222,1,Automated screening,2023-09-18,8,No automated concern,4,1,No,No,Cleared,,Synthetic demonstration record; no concern identified.
INV0000262,CLM0000223,1,Automated screening,2023-06-07,8,No automated concern,3,1,No,No,Cleared,,Synthetic demonstration record; no concern identified.
INV0000263,CLM0000224,1,Automated screening,2024-11-13,5,No automated concern,2,1,No,No,Cleared,,Synthetic demonstration record; no concern identified.
INV0000264,CLM0000225,1,Automated screening,2024-01-14,3,No automated concern,1,1,No,No,Cleared,,Synthetic demonstration record; no concern identified.
INV0000265,CLM0000226,1,Automated screening,2026-01-14,19,No automated concern,8,1,No,No,Cleared,,Synthetic demonstration record; no concern identified.
INV0000266,CLM0000227,1,Automated screening,2025-09-30,26,No automated concern,7,1,No,No,Cleared,,Synthetic demonstration record; no concern identified.
INV0000267,CLM0000228,1,Automated screening,2025-10-08,8,No automated concern,6,1,No,No,Cleared,,Synthetic demonstration record; no concern identified.
INV0000268,CLM0000229,1,Automated screening,2024-06-15,0,No automated concern,5,1,No,No,Cleared,,Synthetic demonstration record; no concern identified.
INV0000269,CLM0000230,1,Automated screening,2023-11-02,5,No automated concern,4,1,No,No,Cleared,,Synthetic demonstration record; no concern identified.
INV0000270,CLM0000231,1,Automated screening,2024-07-28,0,No automated concern,3,1,No,No,Cleared,,Synthetic demonstration record; no concern identified.
INV0000271,CLM0000232,1,Automated screening,2025-10-01,3,No automated concern,2,1,No,No,Cleared,,Synthetic demonstration record; no concern identified.
INV0000272,CLM0000233,1,Automated screening,2025-03-30,24,No automated concern,1,1,No,No,Cleared,,Synthetic demonstration record; no concern identified.
INV0000273,CLM0000234,1,Automated screening,2023-10-08,21,No automated concern,8,1,No,No,Cleared,,Synthetic demonstration record; no concern identified.
INV0000274,CLM0000235,1,Automated screening,2024-12-06,20,No automated concern,7,1,No,No,Cleared,,Synthetic demonstration record; no concern identified.
INV0000275,CLM0000236,1,Automated screening,2023-11-19,5,No automated concern,6,1,Yes,No,Cleared,,Synthetic demonstration record; no concern identified.
INV0000276,CLM0000237,1,Automated screening,2024-10-02,5,No automated concern,5,1,No,No,Cleared,,Synthetic demonstration record; no concern identified.
INV0000277,CLM0000238,1,Automated screening,2022-05-09,71,High-value claim; unusual amount,4,1,No,No,Evidence requested,2022-06-17,Synthetic demonstration record; review outcome is simulated.
INV0000278,CLM0000238,2,Analyst review,2022-05-15,72,High-value claim; unusual amount,4,1,No,No,No concern identified,2022-05-27,Synthetic demonstration record; review outcome is simulated.
INV0000279,CLM0000238,3,SIU review,2022-05-21,83,High-value claim; unusual amount,4,1,No,No,Referred to SIU,2022-06-25,Synthetic demonstration record; review outcome is simulated.
INV0000280,CLM0000239,1,Automated screening,2024-09-23,3,No automated concern,3,1,No,No,Cleared,,Synthetic demonstration record; no concern identified.
INV0000281,CLM0000240,1,Automated screening,2022-09-11,12,No automated concern,2,1,No,No,Cleared,,Synthetic demonstration record; no concern identified.
INV0000282,CLM0000241,1,Automated screening,2023-04-04,8,No automated concern,1,1,No,No,Cleared,,Synthetic demonstration record; no concern identified.
INV0000283,CLM0000242,1,Automated screening,2025-03-16,17,No automated concern,8,1,No,No,Cleared,,Synthetic demonstration record; no concern identified.
INV0000284,CLM0000243,1,Automated screening,2022-05-30,17,No automated concern,7,1,No,No,Cleared,,Synthetic demonstration record; no concern identified.
INV0000285,CLM0000244,1,Automated screening,2026-01-19,7,No automated concern,6,1,No,No,Cleared,,Synthetic demonstration record; no concern identified.
INV0000286,CLM0000245,1,Automated screening,2024-08-29,8,No automated concern,5,1,No,Yes,Cleared,,Synthetic demonstration record; no concern identified.
INV0000287,CLM0000246,1,Automated screening,2022-04-05,6,No automated concern,4,1,No,No,Cleared,,Synthetic demonstration record; no concern identified.
INV0000288,CLM0000247,1,Automated screening,2022-11-20,9,No automated concern,3,1,No,No,Cleared,,Synthetic demonstration record; no concern identified.
INV0000289,CLM0000248,1,Automated screening,2023-12-19,3,No automated concern,2,1,No,No,Cleared,,Synthetic demonstration record; no concern identified.
INV0000290,CLM0000249,1,Automated screening,2024-03-30,38,Repeated provider/member pattern,1,1,No,No,Evidence requested,2024-05-02,Synthetic demonstration record; review outcome is simulated.
INV0000291,CLM0000249,2,Analyst review,2024-04-09,43,Repeated provider/member pattern,1,1,No,No,No concern identified,2024-04-30,Synthetic demonstration record; review outcome is simulated.
INV0000292,CLM0000250,1,Automated screening,2022-10-18,18,No automated concern,8,1,No,No,Cleared,,Synthetic demonstration record; no concern identified.
INV0000293,CLM0000251,1,Automated screening,2025-07-05,19,No automated concern,7,1,No,No,Cleared,,Synthetic demonstration record; no concern identified.
INV0000294,CLM0000252,1,Automated screening,2022-12-06,6,No automated concern,6,1,No,No,Cleared,,Synthetic demonstration record; no concern identified.
INV0000295,CLM0000253,1,Automated screening,2025-06-12,2,No automated concern,5,1,No,No,Cleared,,Synthetic demonstration record; no concern identified.
INV0000296,CLM0000254,1,Automated screening,2023-04-01,12,No automated concern,4,1,No,No,Cleared,,Synthetic demonstration record; no concern identified.
INV0000297,CLM0000255,1,Automated screening,2022-03-13,77,High-value claim; unusual amount,3,1,No,No,Evidence requested,2022-03-24,Synthetic demonstration record; review outcome is simulated.
INV0000298,CLM0000255,2,Analyst review,2022-03-19,74,High-value claim; unusual amount,3,1,No,No,No concern identified,2022-04-04,Synthetic demonstration record; review outcome is simulated.
INV0000299,CLM0000255,3,SIU review,2022-03-24,85,High-value claim; unusual amount,3,1,No,No,Referred to SIU,2022-04-30,Synthetic demonstration record; review outcome is simulated.
INV0000300,CLM0000256,1,Automated screening,2022-03-19,3,No automated concern,2,1,No,No,Cleared,,Synthetic demonstration record; no concern identified.
INV0000301,CLM0000257,1,Automated screening,2025-01-07,10,No automated concern,1,1,No,No,Cleared,,Synthetic demonstration record; no concern identified.
INV0000302,CLM0000258,1,Automated screening,2025-02-10,18,No automated concern,8,1,No,No,Cleared,,Synthetic demonstration record; no concern identified.
INV0000303,CLM0000259,1,Automated screening,2025-02-17,21,No automated concern,7,1,No,No,Cleared,,Synthetic demonstration record; no concern identified.
INV0000304,CLM0000260,1,Automated screening,2022-08-17,10,No automated concern,6,1,No,No,Cleared,,Synthetic demonstration record; no concern identified.
INV0000305,CLM0000261,1,Automated screening,2025-01-15,0,No automated concern,5,1,No,No,Cleared,,Synthetic demonstration record; no concern identified.
INV0000306,CLM0000262,1,Automated screening,2026-01-07,28,No automated concern,4,1,No,No,Cleared,,Synthetic demonstration record; no concern identified.
INV0000307,CLM0000263,1,Automated screening,2025-01-31,4,No automated concern,3,1,No,No,Cleared,,Synthetic demonstration record; no concern identified.
INV0000308,CLM0000264,1,Automated screening,2022-05-28,5,No automated concern,2,1,No,No,Cleared,,Synthetic demonstration record; no concern identified.
INV0000309,CLM0000265,1,Automated screening,2023-03-19,12,No automated concern,1,1,No,No,Cleared,,Synthetic demonstration record; no concern identified.
INV0000310,CLM0000266,1,Automated screening,2022-08-10,27,No automated concern,8,1,No,No,Cleared,,Synthetic demonstration record; no concern identified.
INV0000311,CLM0000267,1,Automated screening,2022-04-14,17,No automated concern,7,1,No,No,Cleared,,Synthetic demonstration record; no concern identified.
INV0000312,CLM0000268,1,Automated screening,2024-03-21,4,No automated concern,6,1,No,No,Cleared,,Synthetic demonstration record; no concern identified.
INV0000313,CLM0000269,1,Automated screening,2025-01-02,8,No automated concern,5,1,No,No,Cleared,,Synthetic demonstration record; no concern identified.
INV0000314,CLM0000270,1,Automated screening,2023-02-03,47,High-value claim,4,1,No,No,Evidence requested,2023-03-04,Synthetic demonstration record; review outcome is simulated.
INV0000315,CLM0000270,2,SIU review,2023-02-12,53,High-value claim,4,1,No,No,Referred to SIU,2023-03-04,Synthetic demonstration record; review outcome is simulated.
INV0000316,CLM0000271,1,Automated screening,2026-01-05,1,No automated concern,3,1,No,No,Cleared,,Synthetic demonstration record; no concern identified.
INV0000317,CLM0000272,1,Automated screening,2024-01-21,70,High-value claim; unusual amount,2,1,No,No,Evidence requested,2024-02-27,Synthetic demonstration record; review outcome is simulated.
INV0000318,CLM0000272,2,Analyst review,2024-01-27,78,High-value claim; unusual amount,2,1,No,No,No concern identified,2024-03-09,Synthetic demonstration record; review outcome is simulated.
INV0000319,CLM0000272,3,SIU review,2024-01-31,83,High-value claim; unusual amount,2,1,No,No,Referred to SIU,2024-02-08,Synthetic demonstration record; review outcome is simulated.
INV0000320,CLM0000273,1,Automated screening,2025-05-20,5,No automated concern,1,1,No,No,Cleared,,Synthetic demonstration record; no concern identified.
INV0000321,CLM0000274,1,Automated screening,2023-11-11,19,No automated concern,8,1,No,No,Cleared,,Synthetic demonstration record; no concern identified.
INV0000322,CLM0000275,1,Automated screening,2023-07-08,27,No automated concern,7,1,No,No,Cleared,,Synthetic demonstration record; no concern identified.
INV0000323,CLM0000276,1,Automated screening,2024-06-02,10,No automated concern,6,1,No,No,Cleared,,Synthetic demonstration record; no concern identified.
INV0000324,CLM0000277,1,Automated screening,2025-09-27,8,No automated concern,5,1,No,No,Cleared,,Synthetic demonstration record; no concern identified.
INV0000325,CLM0000278,1,Automated screening,2023-12-22,9,No automated concern,4,1,No,No,Cleared,,Synthetic demonstration record; no concern identified.
INV0000326,CLM0000279,1,Automated screening,2022-09-20,2,No automated concern,3,1,No,No,Cleared,,Synthetic demonstration record; no concern identified.
INV0000327,CLM0000280,1,Automated screening,2022-09-20,38,Repeated provider/member pattern,2,1,No,No,Evidence requested,2022-11-01,Synthetic demonstration record; review outcome is simulated.
INV0000328,CLM0000280,2,Analyst review,2022-09-27,41,Repeated provider/member pattern,2,1,No,No,No concern identified,2022-11-06,Synthetic demonstration record; review outcome is simulated.
INV0000329,CLM0000281,1,Automated screening,2024-12-09,3,No automated concern,1,1,No,No,Cleared,,Synthetic demonstration record; no concern identified.
INV0000330,CLM0000282,1,Automated screening,2022-12-01,26,No automated concern,8,1,No,No,Cleared,,Synthetic demonstration record; no concern identified.
INV0000331,CLM0000283,1,Automated screening,2025-07-07,25,No automated concern,7,1,Yes,No,Cleared,,Synthetic demonstration record; no concern identified.
INV0000332,CLM0000284,1,Automated screening,2022-08-19,50,High-value claim,6,1,No,No,Evidence requested,2022-09-10,Synthetic demonstration record; review outcome is simulated.
INV0000333,CLM0000284,2,SIU review,2022-08-26,58,High-value claim,6,1,No,No,Referred to SIU,2022-10-06,Synthetic demonstration record; review outcome is simulated.
INV0000334,CLM0000285,1,Automated screening,2025-02-05,10,No automated concern,5,1,No,No,Cleared,,Synthetic demonstration record; no concern identified.
INV0000335,CLM0000286,1,Automated screening,2022-04-06,9,No automated concern,4,1,No,No,Cleared,,Synthetic demonstration record; no concern identified.
INV0000336,CLM0000287,1,Automated screening,2023-07-03,10,No automated concern,3,1,No,No,Cleared,,Synthetic demonstration record; no concern identified.
INV0000337,CLM0000288,1,Automated screening,2024-09-14,1,No automated concern,2,1,No,No,Cleared,,Synthetic demonstration record; no concern identified.
INV0000338,CLM0000289,1,Automated screening,2025-03-18,69,High-value claim; unusual amount,1,1,No,No,Evidence requested,2025-04-01,Synthetic demonstration record; review outcome is simulated.
INV0000339,CLM0000289,2,Analyst review,2025-03-25,80,High-value claim; unusual amount,1,1,No,No,No concern identified,2025-04-21,Synthetic demonstration record; review outcome is simulated.
INV0000340,CLM0000289,3,SIU review,2025-04-03,82,High-value claim; unusual amount,1,1,No,No,Referred to SIU,2025-05-09,Synthetic demonstration record; review outcome is simulated.
INV0000341,CLM0000290,1,Automated screening,2024-02-23,61,High-value claim,8,1,No,No,Evidence requested,2024-03-04,Synthetic demonstration record; review outcome is simulated.
INV0000342,CLM0000290,2,SIU review,2024-02-29,71,High-value claim,8,1,No,No,Referred to SIU,2024-04-12,Synthetic demonstration record; review outcome is simulated.
INV0000343,CLM0000291,1,Automated screening,2025-03-16,41,No automated concern,7,1,No,No,Cleared,,Synthetic demonstration record; no concern identified.
INV0000344,CLM0000292,1,Automated screening,2024-11-30,3,No automated concern,6,1,No,No,Cleared,,Synthetic demonstration record; no concern identified.
INV0000345,CLM0000293,1,Automated screening,2022-03-20,9,No automated concern,5,1,No,No,Cleared,,Synthetic demonstration record; no concern identified.
INV0000346,CLM0000294,1,Automated screening,2025-10-27,11,No automated concern,4,1,No,No,Cleared,,Synthetic demonstration record; no concern identified.
INV0000347,CLM0000295,1,Automated screening,2025-05-23,5,No automated concern,3,1,No,No,Cleared,,Synthetic demonstration record; no concern identified.
INV0000348,CLM0000296,1,Automated screening,2022-07-06,4,No automated concern,2,1,No,No,Cleared,,Synthetic demonstration record; no concern identified.
INV0000349,CLM0000297,1,Automated screening,2025-05-19,3,No automated concern,1,1,No,No,Cleared,,Synthetic demonstration record; no concern identified.
INV0000350,CLM0000298,1,Automated screening,2023-01-12,20,No automated concern,8,1,No,No,Cleared,,Synthetic demonstration record; no concern identified.
INV0000351,CLM0000299,1,Automated screening,2022-03-31,26,No automated concern,7,1,No,No,Cleared,,Synthetic demonstration record; no concern identified.
INV0000352,CLM0000300,1,Automated screening,2022-10-24,9,No automated concern,6,1,No,No,Cleared,,Synthetic demonstration record; no concern identified.
INV0000353,CLM0000301,1,Automated screening,2023-04-04,7,No automated concern,5,1,No,No,Cleared,,Synthetic demonstration record; no concern identified.
INV0000354,CLM0000302,1,Automated screening,2023-06-30,10,No automated concern,4,1,No,No,Cleared,,Synthetic demonstration record; no concern identified.
INV0000355,CLM0000303,1,Automated screening,2024-08-01,4,No automated concern,3,1,No,No,Cleared,,Synthetic demonstration record; no concern identified.
INV0000356,CLM0000304,1,Automated screening,2023-11-08,12,No automated concern,2,1,No,No,Cleared,,Synthetic demonstration record; no concern identified.
INV0000357,CLM0000305,1,Automated screening,2024-12-22,11,No automated concern,1,1,No,No,Cleared,,Synthetic demonstration record; no concern identified.
INV0000358,CLM0000306,1,Automated screening,2024-07-15,70,High-value claim; unusual amount,8,1,No,Yes,Evidence requested,2024-08-09,Synthetic demonstration record; review outcome is simulated.
INV0000359,CLM0000306,2,Analyst review,2024-07-23,80,High-value claim; unusual amount,8,1,No,Yes,No concern identified,2024-08-13,Synthetic demonstration record; review outcome is simulated.
INV0000360,CLM0000306,3,SIU review,2024-07-29,78,High-value claim; unusual amount,8,1,No,Yes,Referred to SIU,2024-08-23,Synthetic demonstration record; review outcome is simulated.
INV0000361,CLM0000307,1,Automated screening,2025-03-21,17,No automated concern,7,1,No,No,Cleared,,Synthetic demonstration record; no concern identified.
INV0000362,CLM0000308,1,Automated screening,2025-01-18,2,No automated concern,6,1,No,No,Cleared,,Synthetic demonstration record; no concern identified.
INV0000363,CLM0000309,1,Automated screening,2024-03-26,6,No automated concern,5,1,No,No,Cleared,,Synthetic demonstration record; no concern identified.
INV0000364,CLM0000310,1,Automated screening,2023-12-02,9,No automated concern,4,1,No,No,Cleared,,Synthetic demonstration record; no concern identified.
INV0000365,CLM0000311,1,Automated screening,2022-02-08,40,Repeated provider/member pattern,3,1,No,No,Evidence requested,2022-02-28,Synthetic demonstration record; review outcome is simulated.
INV0000366,CLM0000311,2,Analyst review,2022-02-14,46,Repeated provider/member pattern,3,1,No,No,No concern identified,2022-03-14,Synthetic demonstration record; review outcome is simulated.
INV0000367,CLM0000312,1,Automated screening,2023-03-01,4,No automated concern,2,1,No,No,Cleared,,Synthetic demonstration record; no concern identified.
INV0000368,CLM0000313,1,Automated screening,2023-12-06,54,High-value claim,1,1,No,No,Evidence requested,2023-12-29,Synthetic demonstration record; review outcome is simulated.
INV0000369,CLM0000313,2,SIU review,2023-12-12,55,High-value claim,1,1,No,No,Referred to SIU,2024-01-24,Synthetic demonstration record; review outcome is simulated.
INV0000370,CLM0000314,1,Automated screening,2023-12-13,25,No automated concern,8,1,No,No,Cleared,,Synthetic demonstration record; no concern identified.
INV0000371,CLM0000315,1,Automated screening,2025-08-05,18,No automated concern,7,1,No,No,Cleared,,Synthetic demonstration record; no concern identified.
INV0000372,CLM0000316,1,Automated screening,2025-05-22,4,No automated concern,6,1,No,No,Cleared,,Synthetic demonstration record; no concern identified.
INV0000373,CLM0000317,1,Automated screening,2022-08-19,9,No automated concern,5,1,No,No,Cleared,,Synthetic demonstration record; no concern identified.
INV0000374,CLM0000318,1,Automated screening,2022-08-16,10,No automated concern,4,1,No,No,Cleared,,Synthetic demonstration record; no concern identified.
INV0000375,CLM0000319,1,Automated screening,2024-09-24,3,No automated concern,3,1,No,No,Cleared,,Synthetic demonstration record; no concern identified.
INV0000376,CLM0000320,1,Automated screening,2025-02-26,31,No automated concern,2,1,No,No,Cleared,,Synthetic demonstration record; no concern identified.
INV0000377,CLM0000321,1,Automated screening,2025-02-27,5,No automated concern,1,1,No,No,Cleared,,Synthetic demonstration record; no concern identified.
INV0000378,CLM0000322,1,Automated screening,2022-08-28,24,No automated concern,8,1,No,No,Cleared,,Synthetic demonstration record; no concern identified.
INV0000379,CLM0000323,1,Automated screening,2025-08-02,72,High-value claim; unusual amount,7,1,No,No,Evidence requested,2025-09-04,Synthetic demonstration record; review outcome is simulated.
INV0000380,CLM0000323,2,Analyst review,2025-08-08,70,High-value claim; unusual amount,7,1,No,No,No concern identified,2025-08-27,Synthetic demonstration record; review outcome is simulated.
INV0000381,CLM0000323,3,SIU review,2025-08-16,79,High-value claim; unusual amount,7,1,No,No,Referred to SIU,2025-09-04,Synthetic demonstration record; review outcome is simulated.
INV0000382,CLM0000324,1,Automated screening,2024-05-14,4,No automated concern,6,1,No,No,Cleared,,Synthetic demonstration record; no concern identified.
INV0000383,CLM0000325,1,Automated screening,2024-05-18,1,No automated concern,5,1,No,No,Cleared,,Synthetic demonstration record; no concern identified.
INV0000384,CLM0000326,1,Automated screening,2024-07-23,8,No automated concern,4,1,No,No,Cleared,,Synthetic demonstration record; no concern identified.
INV0000385,CLM0000327,1,Automated screening,2024-09-26,9,No automated concern,3,1,No,No,Cleared,,Synthetic demonstration record; no concern identified.
INV0000386,CLM0000328,1,Automated screening,2026-01-13,0,No automated concern,2,1,No,No,Cleared,,Synthetic demonstration record; no concern identified.
INV0000387,CLM0000329,1,Automated screening,2023-06-22,7,No automated concern,1,1,No,No,Cleared,,Synthetic demonstration record; no concern identified.
INV0000388,CLM0000330,1,Automated screening,2022-07-25,21,No automated concern,8,1,Yes,No,Cleared,,Synthetic demonstration record; no concern identified.
INV0000389,CLM0000331,1,Automated screening,2024-12-29,20,No automated concern,7,1,No,No,Cleared,,Synthetic demonstration record; no concern identified.
INV0000390,CLM0000332,1,Automated screening,2022-04-11,10,No automated concern,6,1,No,No,Cleared,,Synthetic demonstration record; no concern identified.
INV0000391,CLM0000333,1,Automated screening,2023-09-22,3,No automated concern,5,1,No,No,Cleared,,Synthetic demonstration record; no concern identified.
INV0000392,CLM0000334,1,Automated screening,2022-10-10,4,No automated concern,4,1,No,No,Cleared,,Synthetic demonstration record; no concern identified.
INV0000393,CLM0000335,1,Automated screening,2022-08-14,1,No automated concern,3,1,No,No,Cleared,,Synthetic demonstration record; no concern identified.
INV0000394,CLM0000336,1,Automated screening,2024-01-27,8,No automated concern,2,1,No,No,Cleared,,Synthetic demonstration record; no concern identified.
INV0000395,CLM0000337,1,Automated screening,2025-07-07,7,No automated concern,1,1,No,No,Cleared,,Synthetic demonstration record; no concern identified.
INV0000396,CLM0000338,1,Automated screening,2024-07-05,25,No automated concern,8,1,No,No,Cleared,,Synthetic demonstration record; no concern identified.
INV0000397,CLM0000339,1,Automated screening,2025-01-15,26,No automated concern,7,1,No,No,Cleared,,Synthetic demonstration record; no concern identified.
INV0000398,CLM0000340,1,Automated screening,2024-03-11,71,High-value claim; unusual amount,6,1,No,No,Evidence requested,2024-04-09,Synthetic demonstration record; review outcome is simulated.
INV0000399,CLM0000340,2,Analyst review,2024-03-20,73,High-value claim; unusual amount,6,1,No,No,No concern identified,2024-04-25,Synthetic demonstration record; review outcome is simulated.
INV0000400,CLM0000340,3,SIU review,2024-03-25,84,High-value claim; unusual amount,6,1,No,No,Referred to SIU,2024-04-15,Synthetic demonstration record; review outcome is simulated.
INV0000401,CLM0000341,1,Automated screening,2022-04-05,11,No automated concern,5,1,No,No,Cleared,,Synthetic demonstration record; no concern identified.
INV0000402,CLM0000342,1,Automated screening,2022-05-07,45,Repeated provider/member pattern,4,1,No,No,Evidence requested,2022-06-11,Synthetic demonstration record; review outcome is simulated.
INV0000403,CLM0000342,2,Analyst review,2022-05-14,44,Repeated provider/member pattern,4,1,No,No,No concern identified,2022-06-02,Synthetic demonstration record; review outcome is simulated.
INV0000404,CLM0000343,1,Automated screening,2023-12-14,12,No automated concern,3,1,No,No,Cleared,,Synthetic demonstration record; no concern identified.
INV0000405,CLM0000344,1,Automated screening,2023-03-31,3,No automated concern,2,1,No,No,Cleared,,Synthetic demonstration record; no concern identified.
INV0000406,CLM0000345,1,Automated screening,2024-11-03,11,No automated concern,1,1,No,No,Cleared,,Synthetic demonstration record; no concern identified.
INV0000407,CLM0000346,1,Automated screening,2023-09-10,60,High-value claim,8,1,No,No,Evidence requested,2023-10-05,Synthetic demonstration record; review outcome is simulated.
INV0000408,CLM0000346,2,SIU review,2023-09-16,76,High-value claim,8,1,No,No,Referred to SIU,2023-10-01,Synthetic demonstration record; review outcome is simulated.
INV0000409,CLM0000347,1,Automated screening,2022-03-26,24,No automated concern,7,1,No,No,Cleared,,Synthetic demonstration record; no concern identified.
INV0000410,CLM0000348,1,Automated screening,2023-12-05,6,No automated concern,6,1,No,No,Cleared,,Synthetic demonstration record; no concern identified.
INV0000411,CLM0000349,1,Automated screening,2023-02-18,23,No automated concern,5,1,No,No,Cleared,,Synthetic demonstration record; no concern identified.
INV0000412,CLM0000350,1,Automated screening,2023-08-02,4,No automated concern,4,1,No,No,Cleared,,Synthetic demonstration record; no concern identified.
INV0000413,CLM0000351,1,Automated screening,2022-11-22,4,No automated concern,3,1,No,No,Cleared,,Synthetic demonstration record; no concern identified.
INV0000414,CLM0000352,1,Automated screening,2023-01-01,6,No automated concern,2,1,No,No,Cleared,,Synthetic demonstration record; no concern identified.
INV0000415,CLM0000353,1,Automated screening,2024-06-20,12,No automated concern,1,1,No,No,Cleared,,Synthetic demonstration record; no concern identified.
INV0000416,CLM0000354,1,Automated screening,2025-10-23,25,No automated concern,8,1,No,No,Cleared,,Synthetic demonstration record; no concern identified.
INV0000417,CLM0000355,1,Automated screening,2024-01-20,19,No automated concern,7,1,No,No,Cleared,,Synthetic demonstration record; no concern identified.
INV0000418,CLM0000356,1,Automated screening,2022-06-17,4,No automated concern,6,1,No,No,Cleared,,Synthetic demonstration record; no concern identified.
INV0000419,CLM0000357,1,Automated screening,2022-09-20,77,High-value claim; unusual amount,5,1,No,No,Evidence requested,2022-09-29,Synthetic demonstration record; review outcome is simulated.
INV0000420,CLM0000357,2,Analyst review,2022-09-29,75,High-value claim; unusual amount,5,1,No,No,No concern identified,2022-10-13,Synthetic demonstration record; review outcome is simulated.
INV0000421,CLM0000357,3,Analyst review,2022-10-06,74,High-value claim; unusual amount,5,1,No,No,No concern identified,2022-10-20,Synthetic demonstration record; review outcome is simulated.
INV0000422,CLM0000358,1,Automated screening,2024-08-11,5,No automated concern,4,1,No,No,Cleared,,Synthetic demonstration record; no concern identified.
INV0000423,CLM0000359,1,Automated screening,2024-08-07,7,No automated concern,3,1,No,No,Cleared,,Synthetic demonstration record; no concern identified.
INV0000424,CLM0000360,1,Automated screening,2023-01-24,12,No automated concern,2,1,No,No,Cleared,,Synthetic demonstration record; no concern identified.
INV0000425,CLM0000361,1,Automated screening,2023-02-08,8,No automated concern,1,1,No,No,Cleared,,Synthetic demonstration record; no concern identified.
INV0000426,CLM0000362,1,Automated screening,2025-07-08,27,No automated concern,8,1,No,No,Cleared,,Synthetic demonstration record; no concern identified.
INV0000427,CLM0000363,1,Automated screening,2022-10-11,24,No automated concern,7,1,No,No,Cleared,,Synthetic demonstration record; no concern identified.
INV0000428,CLM0000364,1,Automated screening,2023-08-31,6,No automated concern,6,1,No,No,Cleared,,Synthetic demonstration record; no concern identified.
INV0000429,CLM0000365,1,Automated screening,2023-02-25,2,No automated concern,5,1,No,No,Cleared,,Synthetic demonstration record; no concern identified.
INV0000430,CLM0000366,1,Automated screening,2024-07-25,4,No automated concern,4,1,No,No,Cleared,,Synthetic demonstration record; no concern identified.
INV0000431,CLM0000367,1,Automated screening,2025-08-22,4,No automated concern,3,1,No,Yes,Cleared,,Synthetic demonstration record; no concern identified.
INV0000432,CLM0000368,1,Automated screening,2024-08-09,0,No automated concern,2,1,No,No,Cleared,,Synthetic demonstration record; no concern identified.
INV0000433,CLM0000369,1,Automated screening,2025-04-12,9,No automated concern,1,1,No,No,Cleared,,Synthetic demonstration record; no concern identified.
INV0000434,CLM0000370,1,Automated screening,2025-01-20,18,No automated concern,8,1,No,No,Cleared,,Synthetic demonstration record; no concern identified.
INV0000435,CLM0000371,1,Automated screening,2023-11-24,23,No automated concern,7,1,No,No,Cleared,,Synthetic demonstration record; no concern identified.
INV0000436,CLM0000372,1,Automated screening,2024-01-20,3,No automated concern,6,1,No,No,Cleared,,Synthetic demonstration record; no concern identified.
INV0000437,CLM0000373,1,Automated screening,2022-12-05,39,Repeated provider/member pattern,5,1,No,No,Evidence requested,2023-01-19,Synthetic demonstration record; review outcome is simulated.
INV0000438,CLM0000373,2,Analyst review,2022-12-13,48,Repeated provider/member pattern,5,1,No,No,No concern identified,2023-01-04,Synthetic demonstration record; review outcome is simulated.
INV0000439,CLM0000374,1,Automated screening,2024-10-19,66,High-value claim; unusual amount,4,1,No,No,Evidence requested,2024-11-18,Synthetic demonstration record; review outcome is simulated.
INV0000440,CLM0000374,2,Analyst review,2024-10-24,78,High-value claim; unusual amount,4,1,No,No,No concern identified,2024-11-23,Synthetic demonstration record; review outcome is simulated.
INV0000441,CLM0000374,3,Analyst review,2024-11-01,77,High-value claim; unusual amount,4,1,No,No,No concern identified,2024-11-23,Synthetic demonstration record; review outcome is simulated.
INV0000442,CLM0000375,1,Automated screening,2024-04-07,3,No automated concern,3,1,No,No,Cleared,,Synthetic demonstration record; no concern identified.
INV0000443,CLM0000376,1,Automated screening,2022-11-06,3,No automated concern,2,1,No,No,Cleared,,Synthetic demonstration record; no concern identified.
INV0000444,CLM0000377,1,Automated screening,2022-06-23,11,No automated concern,1,1,Yes,No,Cleared,,Synthetic demonstration record; no concern identified.
INV0000445,CLM0000378,1,Automated screening,2022-03-14,46,No automated concern,8,1,No,No,Cleared,,Synthetic demonstration record; no concern identified.
INV0000446,CLM0000379,1,Automated screening,2026-01-02,20,No automated concern,7,1,No,No,Cleared,,Synthetic demonstration record; no concern identified.
INV0000447,CLM0000380,1,Automated screening,2026-01-07,5,No automated concern,6,1,No,No,Cleared,,Synthetic demonstration record; no concern identified.
INV0000448,CLM0000381,1,Automated screening,2023-01-10,12,No automated concern,5,1,No,No,Cleared,,Synthetic demonstration record; no concern identified.
INV0000449,CLM0000382,1,Automated screening,2023-05-13,11,No automated concern,4,1,No,No,Cleared,,Synthetic demonstration record; no concern identified.
INV0000450,CLM0000383,1,Automated screening,2024-07-31,7,No automated concern,3,1,No,No,Cleared,,Synthetic demonstration record; no concern identified.
INV0000451,CLM0000384,1,Automated screening,2022-09-27,3,No automated concern,2,1,No,No,Cleared,,Synthetic demonstration record; no concern identified.
INV0000452,CLM0000385,1,Automated screening,2022-10-17,3,No automated concern,1,1,No,No,Cleared,,Synthetic demonstration record; no concern identified.
INV0000453,CLM0000386,1,Automated screening,2024-09-23,21,No automated concern,8,1,No,No,Cleared,,Synthetic demonstration record; no concern identified.
INV0000454,CLM0000387,1,Automated screening,2022-07-29,27,No automated concern,7,1,No,No,Cleared,,Synthetic demonstration record; no concern identified.
INV0000455,CLM0000388,1,Automated screening,2022-04-04,8,No automated concern,6,1,No,No,Cleared,,Synthetic demonstration record; no concern identified.
INV0000456,CLM0000389,1,Automated screening,2024-12-27,2,No automated concern,5,1,No,No,Cleared,,Synthetic demonstration record; no concern identified.
INV0000457,CLM0000390,1,Automated screening,2023-08-30,9,No automated concern,4,1,No,No,Cleared,,Synthetic demonstration record; no concern identified.
INV0000458,CLM0000391,1,Automated screening,2024-10-16,72,High-value claim; unusual amount,3,1,No,No,Evidence requested,2024-11-21,Synthetic demonstration record; review outcome is simulated.
INV0000459,CLM0000391,2,Analyst review,2024-10-25,81,High-value claim; unusual amount,3,1,No,No,No concern identified,2024-11-27,Synthetic demonstration record; review outcome is simulated.
INV0000460,CLM0000391,3,Analyst review,2024-10-30,77,High-value claim; unusual amount,3,1,No,No,No concern identified,2024-11-29,Synthetic demonstration record; review outcome is simulated.
INV0000461,CLM0000392,1,Automated screening,2024-04-03,8,No automated concern,2,1,No,No,Cleared,,Synthetic demonstration record; no concern identified.
INV0000462,CLM0000393,1,Automated screening,2025-07-03,4,No automated concern,1,1,No,No,Cleared,,Synthetic demonstration record; no concern identified.
INV0000463,CLM0000394,1,Automated screening,2022-05-31,20,No automated concern,8,1,No,No,Cleared,,Synthetic demonstration record; no concern identified.
INV0000464,CLM0000395,1,Automated screening,2024-07-09,17,No automated concern,7,1,No,No,Cleared,,Synthetic demonstration record; no concern identified.
INV0000465,CLM0000396,1,Automated screening,2024-09-22,10,No automated concern,6,1,No,No,Cleared,,Synthetic demonstration record; no concern identified.
INV0000466,CLM0000397,1,Automated screening,2023-12-13,1,No automated concern,5,1,No,No,Cleared,,Synthetic demonstration record; no concern identified.
INV0000467,CLM0000398,1,Automated screening,2025-05-19,6,No automated concern,4,1,No,No,Cleared,,Synthetic demonstration record; no concern identified.
INV0000468,CLM0000399,1,Automated screening,2024-02-29,11,No automated concern,3,1,No,No,Cleared,,Synthetic demonstration record; no concern identified.
INV0000469,CLM0000400,1,Automated screening,2023-06-07,0,No automated concern,2,1,No,No,Cleared,,Synthetic demonstration record; no concern identified.
INV0000470,CLM0000401,1,Automated screening,2022-06-02,3,No automated concern,1,1,No,No,Cleared,,Synthetic demonstration record; no concern identified.
INV0000471,CLM0000402,1,Automated screening,2023-06-10,21,No automated concern,8,1,No,No,Cleared,,Synthetic demonstration record; no concern identified.
INV0000472,CLM0000403,1,Automated screening,2023-09-08,24,No automated concern,7,1,No,No,Cleared,,Synthetic demonstration record; no concern identified.
INV0000473,CLM0000404,1,Automated screening,2024-12-28,45,Repeated provider/member pattern,6,1,No,No,Evidence requested,2025-01-18,Synthetic demonstration record; review outcome is simulated.
INV0000474,CLM0000404,2,Analyst review,2025-01-03,49,Repeated provider/member pattern,6,1,No,No,No concern identified,2025-02-04,Synthetic demonstration record; review outcome is simulated.
INV0000475,CLM0000405,1,Automated screening,2023-11-18,9,No automated concern,5,1,No,No,Cleared,,Synthetic demonstration record; no concern identified.
INV0000476,CLM0000406,1,Automated screening,2022-12-14,0,No automated concern,4,1,No,No,Cleared,,Synthetic demonstration record; no concern identified.
INV0000477,CLM0000407,1,Automated screening,2025-03-02,27,No automated concern,3,1,No,No,Cleared,,Synthetic demonstration record; no concern identified.
INV0000478,CLM0000408,1,Automated screening,2023-03-20,72,High-value claim; unusual amount,2,1,No,No,Evidence requested,2023-04-15,Synthetic demonstration record; review outcome is simulated.
INV0000479,CLM0000408,2,Analyst review,2023-03-31,74,High-value claim; unusual amount,2,1,No,No,No concern identified,2023-05-15,Synthetic demonstration record; review outcome is simulated.
INV0000480,CLM0000408,3,Analyst review,2023-04-06,78,High-value claim; unusual amount,2,1,No,No,No concern identified,2023-04-29,Synthetic demonstration record; review outcome is simulated.
INV0000481,CLM0000409,1,Automated screening,2023-10-06,6,No automated concern,1,1,No,No,Cleared,,Synthetic demonstration record; no concern identified.
INV0000482,CLM0000410,1,Automated screening,2025-08-25,22,No automated concern,8,1,No,No,Cleared,,Synthetic demonstration record; no concern identified.
INV0000483,CLM0000411,1,Automated screening,2023-08-08,23,No automated concern,7,1,No,No,Cleared,,Synthetic demonstration record; no concern identified.
INV0000484,CLM0000412,1,Automated screening,2023-10-27,46,High-value claim,6,1,No,No,Evidence requested,2023-12-11,Synthetic demonstration record; review outcome is simulated.
INV0000485,CLM0000412,2,SIU review,2023-11-02,56,High-value claim,6,1,No,No,Referred to SIU,2023-11-22,Synthetic demonstration record; review outcome is simulated.
INV0000486,CLM0000413,1,Automated screening,2023-04-29,12,No automated concern,5,1,No,No,Cleared,,Synthetic demonstration record; no concern identified.
INV0000487,CLM0000414,1,Automated screening,2025-08-11,12,No automated concern,4,1,No,No,Cleared,,Synthetic demonstration record; no concern identified.
INV0000488,CLM0000415,1,Automated screening,2022-04-30,10,No automated concern,3,1,No,No,Cleared,,Synthetic demonstration record; no concern identified.
INV0000489,CLM0000416,1,Automated screening,2024-12-31,3,No automated concern,2,1,No,No,Cleared,,Synthetic demonstration record; no concern identified.
INV0000490,CLM0000417,1,Automated screening,2024-06-01,5,No automated concern,1,1,No,No,Cleared,,Synthetic demonstration record; no concern identified.
INV0000491,CLM0000418,1,Automated screening,2024-02-01,26,No automated concern,8,1,No,No,Cleared,,Synthetic demonstration record; no concern identified.
INV0000492,CLM0000419,1,Automated screening,2026-01-01,24,No automated concern,7,1,No,No,Cleared,,Synthetic demonstration record; no concern identified.
INV0000493,CLM0000420,1,Automated screening,2025-03-16,2,No automated concern,6,1,No,No,Cleared,,Synthetic demonstration record; no concern identified.
INV0000494,CLM0000421,1,Automated screening,2024-11-30,7,No automated concern,5,1,No,No,Cleared,,Synthetic demonstration record; no concern identified.
INV0000495,CLM0000422,1,Automated screening,2022-09-22,4,No automated concern,4,1,No,No,Cleared,,Synthetic demonstration record; no concern identified.
INV0000496,CLM0000423,1,Automated screening,2024-09-23,1,No automated concern,3,1,No,No,Cleared,,Synthetic demonstration record; no concern identified.
INV0000497,CLM0000424,1,Automated screening,2025-08-30,7,No automated concern,2,1,Yes,No,Cleared,,Synthetic demonstration record; no concern identified.
INV0000498,CLM0000425,1,Automated screening,2025-11-12,77,High-value claim; unusual amount,1,1,No,No,Evidence requested,2025-12-12,Synthetic demonstration record; review outcome is simulated.
INV0000499,CLM0000425,2,Analyst review,2025-11-20,81,High-value claim; unusual amount,1,1,No,No,No concern identified,2025-12-07,Synthetic demonstration record; review outcome is simulated.
INV0000500,CLM0000425,3,Analyst review,2025-11-22,85,High-value claim; unusual amount,1,1,No,No,No concern identified,2025-12-19,Synthetic demonstration record; review outcome is simulated.
INV0000501,CLM0000426,1,Automated screening,2025-07-24,19,No automated concern,8,1,No,No,Cleared,,Synthetic demonstration record; no concern identified.
INV0000502,CLM0000427,1,Automated screening,2024-01-12,22,No automated concern,7,1,No,No,Cleared,,Synthetic demonstration record; no concern identified.
INV0000503,CLM0000428,1,Automated screening,2024-12-21,8,No automated concern,6,1,No,Yes,Cleared,,Synthetic demonstration record; no concern identified.
INV0000504,CLM0000429,1,Automated screening,2023-08-17,1,No automated concern,5,1,No,No,Cleared,,Synthetic demonstration record; no concern identified.
INV0000505,CLM0000430,1,Automated screening,2025-10-15,9,No automated concern,4,1,No,No,Cleared,,Synthetic demonstration record; no concern identified.
INV0000506,CLM0000431,1,Automated screening,2023-06-17,6,No automated concern,3,1,No,No,Cleared,,Synthetic demonstration record; no concern identified.
INV0000507,CLM0000432,1,Automated screening,2023-02-04,7,No automated concern,2,1,No,No,Cleared,,Synthetic demonstration record; no concern identified.
INV0000508,CLM0000433,1,Automated screening,2025-08-29,8,No automated concern,1,1,No,No,Cleared,,Synthetic demonstration record; no concern identified.
INV0000509,CLM0000434,1,Automated screening,2025-11-19,20,No automated concern,8,1,No,No,Cleared,,Synthetic demonstration record; no concern identified.
INV0000510,CLM0000435,1,Automated screening,2023-08-03,45,Repeated provider/member pattern,7,1,No,No,Evidence requested,2023-08-27,Synthetic demonstration record; review outcome is simulated.
INV0000511,CLM0000435,2,Analyst review,2023-08-10,39,Repeated provider/member pattern,7,1,No,No,No concern identified,2023-08-23,Synthetic demonstration record; review outcome is simulated.
INV0000512,CLM0000436,1,Automated screening,2022-03-11,26,No automated concern,6,1,No,No,Cleared,,Synthetic demonstration record; no concern identified.
INV0000513,CLM0000437,1,Automated screening,2023-07-05,11,No automated concern,5,1,No,No,Cleared,,Synthetic demonstration record; no concern identified.
INV0000514,CLM0000438,1,Automated screening,2022-04-16,12,No automated concern,4,1,No,No,Cleared,,Synthetic demonstration record; no concern identified.
INV0000515,CLM0000439,1,Automated screening,2022-09-25,12,No automated concern,3,1,No,No,Cleared,,Synthetic demonstration record; no concern identified.
INV0000516,CLM0000440,1,Automated screening,2025-04-21,51,High-value claim,2,1,No,No,Evidence requested,2025-05-27,Synthetic demonstration record; review outcome is simulated.
INV0000517,CLM0000440,2,SIU review,2025-05-01,57,High-value claim,2,1,No,No,Referred to SIU,2025-06-12,Synthetic demonstration record; review outcome is simulated.
INV0000518,CLM0000441,1,Automated screening,2024-04-10,10,No automated concern,1,1,No,No,Cleared,,Synthetic demonstration record; no concern identified.
INV0000519,CLM0000442,1,Automated screening,2023-08-03,65,High-value claim; unusual amount,8,1,No,No,Evidence requested,2023-09-10,Synthetic demonstration record; review outcome is simulated.
INV0000520,CLM0000442,2,Analyst review,2023-08-07,80,High-value claim; unusual amount,8,1,No,No,No concern identified,2023-09-09,Synthetic demonstration record; review outcome is simulated.
INV0000521,CLM0000442,3,Analyst review,2023-08-18,75,High-value claim; unusual amount,8,1,No,No,No concern identified,2023-09-26,Synthetic demonstration record; review outcome is simulated.
INV0000522,CLM0000443,1,Automated screening,2025-09-16,18,No automated concern,7,1,No,No,Cleared,,Synthetic demonstration record; no concern identified.
INV0000523,CLM0000444,1,Automated screening,2025-01-16,2,No automated concern,6,1,No,No,Cleared,,Synthetic demonstration record; no concern identified.
INV0000524,CLM0000445,1,Automated screening,2024-02-06,12,No automated concern,5,1,No,No,Cleared,,Synthetic demonstration record; no concern identified.
INV0000525,CLM0000446,1,Automated screening,2025-08-03,5,No automated concern,4,1,No,No,Cleared,,Synthetic demonstration record; no concern identified.
INV0000526,CLM0000447,1,Automated screening,2024-03-30,8,No automated concern,3,1,No,No,Cleared,,Synthetic demonstration record; no concern identified.
INV0000527,CLM0000448,1,Automated screening,2025-08-10,10,No automated concern,2,1,No,No,Cleared,,Synthetic demonstration record; no concern identified.
INV0000528,CLM0000449,1,Automated screening,2023-07-15,9,No automated concern,1,1,No,No,Cleared,,Synthetic demonstration record; no concern identified.
INV0000529,CLM0000450,1,Automated screening,2023-10-30,22,No automated concern,8,1,No,No,Cleared,,Synthetic demonstration record; no concern identified.
INV0000530,CLM0000451,1,Automated screening,2024-10-30,17,No automated concern,7,1,No,No,Cleared,,Synthetic demonstration record; no concern identified.
INV0000531,CLM0000452,1,Automated screening,2025-12-08,5,No automated concern,6,1,No,No,Cleared,,Synthetic demonstration record; no concern identified.
INV0000532,CLM0000453,1,Automated screening,2024-09-04,52,High-value claim,5,1,No,No,Evidence requested,2024-10-05,Synthetic demonstration record; review outcome is simulated.
INV0000533,CLM0000453,2,SIU review,2024-09-12,56,High-value claim,5,1,No,No,Referred to SIU,2024-10-03,Synthetic demonstration record; review outcome is simulated.
INV0000534,CLM0000454,1,Automated screening,2025-02-11,5,No automated concern,4,1,No,No,Cleared,,Synthetic demonstration record; no concern identified.
INV0000535,CLM0000455,1,Automated screening,2024-07-13,1,No automated concern,3,1,No,No,Cleared,,Synthetic demonstration record; no concern identified.
INV0000536,CLM0000456,1,Automated screening,2024-09-13,3,No automated concern,2,1,No,No,Cleared,,Synthetic demonstration record; no concern identified.
INV0000537,CLM0000457,1,Automated screening,2022-09-10,10,No automated concern,1,1,No,No,Cleared,,Synthetic demonstration record; no concern identified.
INV0000538,CLM0000458,1,Automated screening,2023-10-15,23,No automated concern,8,1,No,No,Cleared,,Synthetic demonstration record; no concern identified.
INV0000539,CLM0000459,1,Automated screening,2022-07-17,72,High-value claim; unusual amount,7,1,No,No,Evidence requested,2022-08-30,Synthetic demonstration record; review outcome is simulated.
INV0000540,CLM0000459,2,Analyst review,2022-07-23,79,High-value claim; unusual amount,7,1,No,No,No concern identified,2022-08-06,Synthetic demonstration record; review outcome is simulated.
INV0000541,CLM0000459,3,Analyst review,2022-07-29,77,High-value claim; unusual amount,7,1,No,No,No concern identified,2022-08-21,Synthetic demonstration record; review outcome is simulated.
INV0000542,CLM0000460,1,Automated screening,2024-04-30,7,No automated concern,6,1,No,No,Cleared,,Synthetic demonstration record; no concern identified.
INV0000543,CLM0000461,1,Automated screening,2023-11-05,8,No automated concern,5,1,No,No,Cleared,,Synthetic demonstration record; no concern identified.
INV0000544,CLM0000462,1,Automated screening,2022-07-15,51,High-value claim,4,1,No,No,Evidence requested,2022-08-25,Synthetic demonstration record; review outcome is simulated.
INV0000545,CLM0000462,2,SIU review,2022-07-25,56,High-value claim,4,1,No,No,Referred to SIU,2022-09-04,Synthetic demonstration record; review outcome is simulated.
INV0000546,CLM0000463,1,Automated screening,2025-07-14,5,No automated concern,3,1,No,No,Cleared,,Synthetic demonstration record; no concern identified.
INV0000547,CLM0000464,1,Automated screening,2025-05-13,2,No automated concern,2,1,No,No,Cleared,,Synthetic demonstration record; no concern identified.
INV0000548,CLM0000465,1,Automated screening,2023-11-28,21,No automated concern,1,1,No,No,Cleared,,Synthetic demonstration record; no concern identified.
INV0000549,CLM0000466,1,Automated screening,2025-02-05,41,Repeated provider/member pattern,8,1,No,No,Evidence requested,2025-03-13,Synthetic demonstration record; review outcome is simulated.
INV0000550,CLM0000466,2,Analyst review,2025-02-08,47,Repeated provider/member pattern,8,1,No,No,No concern identified,2025-02-25,Synthetic demonstration record; review outcome is simulated.
INV0000551,CLM0000467,1,Automated screening,2023-11-11,25,No automated concern,7,1,No,No,Cleared,,Synthetic demonstration record; no concern identified.
INV0000552,CLM0000468,1,Automated screening,2025-02-18,8,No automated concern,6,1,No,No,Cleared,,Synthetic demonstration record; no concern identified.
INV0000553,CLM0000469,1,Automated screening,2024-01-29,8,No automated concern,5,1,No,No,Cleared,,Synthetic demonstration record; no concern identified.
INV0000554,CLM0000470,1,Automated screening,2022-05-13,3,No automated concern,4,1,No,No,Cleared,,Synthetic demonstration record; no concern identified.
INV0000555,CLM0000471,1,Automated screening,2022-01-18,10,No automated concern,3,1,Yes,No,Cleared,,Synthetic demonstration record; no concern identified.
INV0000556,CLM0000472,1,Automated screening,2025-02-27,3,No automated concern,2,1,No,No,Cleared,,Synthetic demonstration record; no concern identified.
INV0000557,CLM0000473,1,Automated screening,2023-12-28,0,No automated concern,1,1,No,No,Cleared,,Synthetic demonstration record; no concern identified.
INV0000558,CLM0000474,1,Automated screening,2025-10-12,20,No automated concern,8,1,No,No,Cleared,,Synthetic demonstration record; no concern identified.
INV0000559,CLM0000475,1,Automated screening,2022-09-25,26,No automated concern,7,1,No,No,Cleared,,Synthetic demonstration record; no concern identified.
INV0000560,CLM0000476,1,Automated screening,2025-08-24,66,High-value claim; unusual amount,6,1,No,No,Evidence requested,2025-09-10,Synthetic demonstration record; review outcome is simulated.
INV0000561,CLM0000476,2,Analyst review,2025-08-29,69,High-value claim; unusual amount,6,1,No,No,No concern identified,2025-10-03,Synthetic demonstration record; review outcome is simulated.
INV0000562,CLM0000476,3,Analyst review,2025-09-08,78,High-value claim; unusual amount,6,1,No,No,No concern identified,2025-09-28,Synthetic demonstration record; review outcome is simulated.
INV0000563,CLM0000477,1,Automated screening,2023-07-27,7,No automated concern,5,1,No,No,Cleared,,Synthetic demonstration record; no concern identified.
INV0000564,CLM0000478,1,Automated screening,2025-05-03,3,No automated concern,4,1,No,No,Cleared,,Synthetic demonstration record; no concern identified.
INV0000565,CLM0000479,1,Automated screening,2023-03-08,5,No automated concern,3,1,No,No,Cleared,,Synthetic demonstration record; no concern identified.
INV0000566,CLM0000480,1,Automated screening,2022-10-26,9,No automated concern,2,1,No,No,Cleared,,Synthetic demonstration record; no concern identified.
INV0000567,CLM0000481,1,Automated screening,2023-12-22,9,No automated concern,1,1,No,No,Cleared,,Synthetic demonstration record; no concern identified.
INV0000568,CLM0000482,1,Automated screening,2024-12-23,25,No automated concern,8,1,No,No,Cleared,,Synthetic demonstration record; no concern identified.
INV0000569,CLM0000483,1,Automated screening,2023-03-31,27,No automated concern,7,1,No,No,Cleared,,Synthetic demonstration record; no concern identified.
INV0000570,CLM0000484,1,Automated screening,2022-12-19,5,No automated concern,6,1,No,No,Cleared,,Synthetic demonstration record; no concern identified.
INV0000571,CLM0000485,1,Automated screening,2025-03-14,3,No automated concern,5,1,No,No,Cleared,,Synthetic demonstration record; no concern identified.
INV0000572,CLM0000486,1,Automated screening,2024-02-23,6,No automated concern,4,1,No,No,Cleared,,Synthetic demonstration record; no concern identified.
INV0000573,CLM0000487,1,Automated screening,2023-06-21,9,No automated concern,3,1,No,No,Cleared,,Synthetic demonstration record; no concern identified.
INV0000574,CLM0000488,1,Automated screening,2022-03-30,7,No automated concern,2,1,No,No,Cleared,,Synthetic demonstration record; no concern identified.
INV0000575,CLM0000489,1,Automated screening,2026-01-31,11,No automated concern,1,1,No,Yes,Cleared,,Synthetic demonstration record; no concern identified.
INV0000576,CLM0000490,1,Automated screening,2023-06-06,25,No automated concern,8,1,No,No,Cleared,,Synthetic demonstration record; no concern identified.
INV0000577,CLM0000491,1,Automated screening,2022-05-19,24,No automated concern,7,1,No,No,Cleared,,Synthetic demonstration record; no concern identified.
INV0000578,CLM0000492,1,Automated screening,2024-07-24,9,No automated concern,6,1,No,No,Cleared,,Synthetic demonstration record; no concern identified.
INV0000579,CLM0000493,1,Automated screening,2024-03-02,77,High-value claim; unusual amount,5,1,No,No,Evidence requested,2024-04-05,Synthetic demonstration record; review outcome is simulated.
INV0000580,CLM0000493,2,Analyst review,2024-03-08,76,High-value claim; unusual amount,5,1,No,No,No concern identified,2024-03-26,Synthetic demonstration record; review outcome is simulated.
INV0000581,CLM0000493,3,Analyst review,2024-03-13,78,High-value claim; unusual amount,5,1,No,No,No concern identified,2024-04-05,Synthetic demonstration record; review outcome is simulated.
INV0000582,CLM0000494,1,Automated screening,2023-01-18,28,No automated concern,4,1,No,No,Cleared,,Synthetic demonstration record; no concern identified.
INV0000583,CLM0000495,1,Automated screening,2023-05-24,5,No automated concern,3,1,No,No,Cleared,,Synthetic demonstration record; no concern identified.
INV0000584,CLM0000496,1,Automated screening,2022-10-19,0,No automated concern,2,1,No,No,Cleared,,Synthetic demonstration record; no concern identified.
INV0000585,CLM0000497,1,Automated screening,2025-06-25,46,Repeated provider/member pattern,1,1,No,No,Evidence requested,2025-07-02,Synthetic demonstration record; review outcome is simulated.
INV0000586,CLM0000497,2,Analyst review,2025-07-06,50,Repeated provider/member pattern,1,1,No,No,No concern identified,2025-07-18,Synthetic demonstration record; review outcome is simulated.
INV0000587,CLM0000498,1,Automated screening,2024-09-06,23,No automated concern,8,1,No,No,Cleared,,Synthetic demonstration record; no concern identified.
INV0000588,CLM0000499,1,Automated screening,2023-03-27,22,No automated concern,7,1,No,No,Cleared,,Synthetic demonstration record; no concern identified.
INV0000589,CLM0000500,1,Automated screening,2022-09-14,1,No automated concern,6,1,No,No,Cleared,,Synthetic demonstration record; no concern identified.
INV0000590,CLM0000501,1,Automated screening,2022-05-15,46,High-value claim,5,1,No,No,Evidence requested,2022-05-27,Synthetic demonstration record; review outcome is simulated.
INV0000591,CLM0000501,2,SIU review,2022-05-19,52,High-value claim,5,1,No,No,Referred to SIU,2022-07-01,Synthetic demonstration record; review outcome is simulated.
INV0000592,CLM0000502,1,Automated screening,2023-12-08,5,No automated concern,4,1,No,No,Cleared,,Synthetic demonstration record; no concern identified.
INV0000593,CLM0000503,1,Automated screening,2024-08-13,7,No automated concern,3,1,No,No,Cleared,,Synthetic demonstration record; no concern identified.
INV0000594,CLM0000504,1,Automated screening,2024-01-07,5,No automated concern,2,1,No,No,Cleared,,Synthetic demonstration record; no concern identified.
INV0000595,CLM0000505,1,Automated screening,2024-04-23,8,No automated concern,1,1,No,No,Cleared,,Synthetic demonstration record; no concern identified.
INV0000596,CLM0000506,1,Automated screening,2025-02-22,18,No automated concern,8,1,No,No,Cleared,,Synthetic demonstration record; no concern identified.
INV0000597,CLM0000507,1,Automated screening,2022-12-22,22,No automated concern,7,1,No,No,Cleared,,Synthetic demonstration record; no concern identified.
INV0000598,CLM0000508,1,Automated screening,2025-11-25,2,No automated concern,6,1,No,No,Cleared,,Synthetic demonstration record; no concern identified.
INV0000599,CLM0000509,1,Automated screening,2023-11-12,11,No automated concern,5,1,No,No,Cleared,,Synthetic demonstration record; no concern identified.
INV0000600,CLM0000510,1,Automated screening,2022-06-13,74,High-value claim; unusual amount,4,1,No,No,Evidence requested,2022-07-03,Synthetic demonstration record; review outcome is simulated.
INV0000601,CLM0000510,2,Analyst review,2022-06-21,71,High-value claim; unusual amount,4,1,No,No,No concern identified,2022-07-25,Synthetic demonstration record; review outcome is simulated.
INV0000602,CLM0000510,3,Analyst review,2022-06-30,78,High-value claim; unusual amount,4,1,No,No,No concern identified,2022-08-08,Synthetic demonstration record; review outcome is simulated.
INV0000603,CLM0000511,1,Automated screening,2025-04-20,5,No automated concern,3,1,No,No,Cleared,,Synthetic demonstration record; no concern identified.
INV0000604,CLM0000512,1,Automated screening,2023-01-25,8,No automated concern,2,1,No,No,Cleared,,Synthetic demonstration record; no concern identified.
INV0000605,CLM0000513,1,Automated screening,2023-02-12,5,No automated concern,1,1,No,No,Cleared,,Synthetic demonstration record; no concern identified.
INV0000606,CLM0000514,1,Automated screening,2025-03-24,20,No automated concern,8,1,No,No,Cleared,,Synthetic demonstration record; no concern identified.
INV0000607,CLM0000515,1,Automated screening,2025-03-31,21,No automated concern,7,1,No,No,Cleared,,Synthetic demonstration record; no concern identified.
INV0000608,CLM0000516,1,Automated screening,2024-01-24,6,No automated concern,6,1,No,No,Cleared,,Synthetic demonstration record; no concern identified.
INV0000609,CLM0000517,1,Automated screening,2024-07-03,7,No automated concern,5,1,No,No,Cleared,,Synthetic demonstration record; no concern identified.
INV0000610,CLM0000518,1,Automated screening,2022-04-18,11,No automated concern,4,1,Yes,No,Cleared,,Synthetic demonstration record; no concern identified.
INV0000611,CLM0000519,1,Automated screening,2023-09-18,8,No automated concern,3,1,No,No,Cleared,,Synthetic demonstration record; no concern identified.
INV0000612,CLM0000520,1,Automated screening,2024-12-10,4,No automated concern,2,1,No,No,Cleared,,Synthetic demonstration record; no concern identified.
INV0000613,CLM0000521,1,Automated screening,2022-03-21,10,No automated concern,1,1,No,No,Cleared,,Synthetic demonstration record; no concern identified.
INV0000614,CLM0000522,1,Automated screening,2022-04-21,26,No automated concern,8,1,No,No,Cleared,,Synthetic demonstration record; no concern identified.
INV0000615,CLM0000523,1,Automated screening,2024-06-18,40,No automated concern,7,1,No,No,Cleared,,Synthetic demonstration record; no concern identified.
INV0000616,CLM0000524,1,Automated screening,2022-10-24,11,No automated concern,6,1,No,No,Cleared,,Synthetic demonstration record; no concern identified.
INV0000617,CLM0000525,1,Automated screening,2023-11-14,8,No automated concern,5,1,No,No,Cleared,,Synthetic demonstration record; no concern identified.
INV0000618,CLM0000526,1,Automated screening,2024-03-16,7,No automated concern,4,1,No,No,Cleared,,Synthetic demonstration record; no concern identified.
INV0000619,CLM0000527,1,Automated screening,2023-04-14,67,High-value claim; unusual amount,3,1,No,No,Evidence requested,2023-05-25,Synthetic demonstration record; review outcome is simulated.
INV0000620,CLM0000527,2,Analyst review,2023-04-16,77,High-value claim; unusual amount,3,1,No,No,No concern identified,2023-05-15,Synthetic demonstration record; review outcome is simulated.
INV0000621,CLM0000527,3,Analyst review,2023-04-28,79,High-value claim; unusual amount,3,1,No,No,No concern identified,2023-05-12,Synthetic demonstration record; review outcome is simulated.
INV0000622,CLM0000528,1,Automated screening,2025-05-23,37,Repeated provider/member pattern,2,1,No,No,Evidence requested,2025-06-01,Synthetic demonstration record; review outcome is simulated.
INV0000623,CLM0000528,2,Analyst review,2025-05-28,42,Repeated provider/member pattern,2,1,No,No,No concern identified,2025-07-02,Synthetic demonstration record; review outcome is simulated.
INV0000624,CLM0000529,1,Automated screening,2023-08-06,10,No automated concern,1,1,No,No,Cleared,,Synthetic demonstration record; no concern identified.
INV0000625,CLM0000530,1,Automated screening,2025-08-01,25,No automated concern,8,1,No,No,Cleared,,Synthetic demonstration record; no concern identified.
INV0000626,CLM0000531,1,Automated screening,2024-05-31,24,No automated concern,7,1,No,No,Cleared,,Synthetic demonstration record; no concern identified.
INV0000627,CLM0000532,1,Automated screening,2023-07-26,10,No automated concern,6,1,No,No,Cleared,,Synthetic demonstration record; no concern identified.
INV0000628,CLM0000533,1,Automated screening,2024-08-29,5,No automated concern,5,1,No,No,Cleared,,Synthetic demonstration record; no concern identified.
INV0000629,CLM0000534,1,Automated screening,2026-01-05,2,No automated concern,4,1,No,No,Cleared,,Synthetic demonstration record; no concern identified.
INV0000630,CLM0000535,1,Automated screening,2022-07-16,5,No automated concern,3,1,No,No,Cleared,,Synthetic demonstration record; no concern identified.
INV0000631,CLM0000536,1,Automated screening,2022-04-12,8,No automated concern,2,1,No,No,Cleared,,Synthetic demonstration record; no concern identified.
INV0000632,CLM0000537,1,Automated screening,2023-10-29,12,No automated concern,1,1,No,No,Cleared,,Synthetic demonstration record; no concern identified.
INV0000633,CLM0000538,1,Automated screening,2022-03-28,21,No automated concern,8,1,No,No,Cleared,,Synthetic demonstration record; no concern identified.
INV0000634,CLM0000539,1,Automated screening,2024-10-29,27,No automated concern,7,1,No,No,Cleared,,Synthetic demonstration record; no concern identified.
INV0000635,CLM0000540,1,Automated screening,2022-09-20,4,No automated concern,6,1,No,No,Cleared,,Synthetic demonstration record; no concern identified.
INV0000636,CLM0000541,1,Automated screening,2024-11-18,5,No automated concern,5,1,No,No,Cleared,,Synthetic demonstration record; no concern identified.
INV0000637,CLM0000542,1,Automated screening,2024-02-03,6,No automated concern,4,1,No,No,Cleared,,Synthetic demonstration record; no concern identified.
INV0000638,CLM0000543,1,Automated screening,2025-01-04,8,No automated concern,3,1,No,No,Cleared,,Synthetic demonstration record; no concern identified.
INV0000639,CLM0000544,1,Automated screening,2026-01-17,70,High-value claim; unusual amount,2,1,No,No,Evidence requested,2026-03-02,Synthetic demonstration record; review outcome is simulated.
INV0000640,CLM0000544,2,Analyst review,2026-01-19,77,High-value claim; unusual amount,2,1,No,No,No concern identified,2026-02-12,Synthetic demonstration record; review outcome is simulated.
INV0000641,CLM0000544,3,Analyst review,2026-01-29,78,High-value claim; unusual amount,2,1,No,No,No concern identified,2026-02-24,Synthetic demonstration record; review outcome is simulated.
INV0000642,CLM0000545,1,Automated screening,2025-06-04,12,No automated concern,1,1,No,No,Cleared,,Synthetic demonstration record; no concern identified.
INV0000643,CLM0000546,1,Automated screening,2022-02-10,17,No automated concern,8,1,No,No,Cleared,,Synthetic demonstration record; no concern identified.
INV0000644,CLM0000547,1,Automated screening,2024-06-13,16,No automated concern,7,1,No,No,Cleared,,Synthetic demonstration record; no concern identified.
INV0000645,CLM0000548,1,Automated screening,2023-12-02,54,High-value claim,6,1,No,No,Evidence requested,2024-01-15,Synthetic demonstration record; review outcome is simulated.
INV0000646,CLM0000548,2,SIU review,2023-12-08,52,High-value claim,6,1,No,No,Referred to SIU,2024-01-13,Synthetic demonstration record; review outcome is simulated.
INV0000647,CLM0000549,1,Automated screening,2024-03-10,7,No automated concern,5,1,No,No,Cleared,,Synthetic demonstration record; no concern identified.
INV0000648,CLM0000550,1,Automated screening,2024-01-12,5,No automated concern,4,1,No,Yes,Cleared,,Synthetic demonstration record; no concern identified.
INV0000649,CLM0000551,1,Automated screening,2023-07-30,8,No automated concern,3,1,No,No,Cleared,,Synthetic demonstration record; no concern identified.
INV0000650,CLM0000552,1,Automated screening,2024-06-17,21,No automated concern,2,1,No,No,Cleared,,Synthetic demonstration record; no concern identified.
INV0000651,CLM0000553,1,Automated screening,2024-10-23,10,No automated concern,1,1,No,No,Cleared,,Synthetic demonstration record; no concern identified.
INV0000652,CLM0000554,1,Automated screening,2023-04-14,21,No automated concern,8,1,No,No,Cleared,,Synthetic demonstration record; no concern identified.
INV0000653,CLM0000555,1,Automated screening,2024-06-28,22,No automated concern,7,1,No,No,Cleared,,Synthetic demonstration record; no concern identified.
INV0000654,CLM0000556,1,Automated screening,2023-08-16,6,No automated concern,6,1,No,No,Cleared,,Synthetic demonstration record; no concern identified.
INV0000655,CLM0000557,1,Automated screening,2023-10-12,10,No automated concern,5,1,No,No,Cleared,,Synthetic demonstration record; no concern identified.
INV0000656,CLM0000558,1,Automated screening,2024-06-13,12,No automated concern,4,1,No,No,Cleared,,Synthetic demonstration record; no concern identified.
INV0000657,CLM0000559,1,Automated screening,2022-02-11,50,High-value claim,3,1,No,No,Evidence requested,2022-03-09,Synthetic demonstration record; review outcome is simulated.
INV0000658,CLM0000559,2,SIU review,2022-02-17,57,High-value claim,3,1,No,No,Referred to SIU,2022-02-28,Synthetic demonstration record; review outcome is simulated.
INV0000659,CLM0000560,1,Automated screening,2025-03-08,10,No automated concern,2,1,No,No,Cleared,,Synthetic demonstration record; no concern identified.
INV0000660,CLM0000561,1,Automated screening,2025-05-11,71,High-value claim; unusual amount,1,1,No,No,Evidence requested,2025-05-24,Synthetic demonstration record; review outcome is simulated.
INV0000661,CLM0000561,2,Analyst review,2025-05-20,79,High-value claim; unusual amount,1,1,No,No,No concern identified,2025-06-01,Synthetic demonstration record; review outcome is simulated.
INV0000662,CLM0000561,3,Analyst review,2025-05-30,84,High-value claim; unusual amount,1,1,No,No,No concern identified,2025-07-05,Synthetic demonstration record; review outcome is simulated.
INV0000663,CLM0000562,1,Automated screening,2025-07-16,23,No automated concern,8,1,No,No,Cleared,,Synthetic demonstration record; no concern identified.
INV0000664,CLM0000563,1,Automated screening,2024-08-29,25,No automated concern,7,1,No,No,Cleared,,Synthetic demonstration record; no concern identified.
INV0000665,CLM0000564,1,Automated screening,2026-01-14,5,No automated concern,6,1,No,No,Cleared,,Synthetic demonstration record; no concern identified.
INV0000666,CLM0000565,1,Automated screening,2024-07-06,6,No automated concern,5,1,Yes,No,Cleared,,Synthetic demonstration record; no concern identified.
INV0000667,CLM0000566,1,Automated screening,2023-01-27,2,No automated concern,4,1,No,No,Cleared,,Synthetic demonstration record; no concern identified.
INV0000668,CLM0000567,1,Automated screening,2025-08-23,12,No automated concern,3,1,No,No,Cleared,,Synthetic demonstration record; no concern identified.
INV0000669,CLM0000568,1,Automated screening,2023-09-15,12,No automated concern,2,1,No,No,Cleared,,Synthetic demonstration record; no concern identified.
INV0000670,CLM0000569,1,Automated screening,2025-01-07,1,No automated concern,1,1,No,No,Cleared,,Synthetic demonstration record; no concern identified.
INV0000671,CLM0000570,1,Automated screening,2024-10-24,24,No automated concern,8,1,No,No,Cleared,,Synthetic demonstration record; no concern identified.
INV0000672,CLM0000571,1,Automated screening,2024-05-27,27,No automated concern,7,1,No,No,Cleared,,Synthetic demonstration record; no concern identified.
INV0000673,CLM0000572,1,Automated screening,2025-12-27,10,No automated concern,6,1,No,No,Cleared,,Synthetic demonstration record; no concern identified.
INV0000674,CLM0000573,1,Automated screening,2022-08-06,9,No automated concern,5,1,No,No,Cleared,,Synthetic demonstration record; no concern identified.
INV0000675,CLM0000574,1,Automated screening,2023-07-08,7,No automated concern,4,1,No,No,Cleared,,Synthetic demonstration record; no concern identified.
INV0000676,CLM0000575,1,Automated screening,2024-03-17,6,No automated concern,3,1,No,No,Cleared,,Synthetic demonstration record; no concern identified.
INV0000677,CLM0000576,1,Automated screening,2024-06-05,0,No automated concern,2,1,No,No,Cleared,,Synthetic demonstration record; no concern identified.
INV0000678,CLM0000577,1,Automated screening,2025-10-16,11,No automated concern,1,1,No,No,Cleared,,Synthetic demonstration record; no concern identified.
INV0000679,CLM0000578,1,Automated screening,2023-05-26,70,High-value claim; unusual amount,8,1,No,No,Evidence requested,2023-07-04,Synthetic demonstration record; review outcome is simulated.
INV0000680,CLM0000578,2,Analyst review,2023-06-03,74,High-value claim; unusual amount,8,1,No,No,No concern identified,2023-07-13,Synthetic demonstration record; review outcome is simulated.
INV0000681,CLM0000578,3,Analyst review,2023-06-14,79,High-value claim; unusual amount,8,1,No,No,No concern identified,2023-06-24,Synthetic demonstration record; review outcome is simulated.
INV0000682,CLM0000579,1,Automated screening,2023-04-05,20,No automated concern,7,1,No,No,Cleared,,Synthetic demonstration record; no concern identified.
INV0000683,CLM0000580,1,Automated screening,2022-04-11,6,No automated concern,6,1,No,No,Cleared,,Synthetic demonstration record; no concern identified.
INV0000684,CLM0000581,1,Automated screening,2026-01-09,23,No automated concern,5,1,No,No,Cleared,,Synthetic demonstration record; no concern identified.
INV0000685,CLM0000582,1,Automated screening,2025-12-13,9,No automated concern,4,1,No,No,Cleared,,Synthetic demonstration record; no concern identified.
INV0000686,CLM0000583,1,Automated screening,2023-12-21,8,No automated concern,3,1,No,No,Cleared,,Synthetic demonstration record; no concern identified.
INV0000687,CLM0000584,1,Automated screening,2026-01-03,6,No automated concern,2,1,No,No,Cleared,,Synthetic demonstration record; no concern identified.
INV0000688,CLM0000585,1,Automated screening,2024-10-06,6,No automated concern,1,1,No,No,Cleared,,Synthetic demonstration record; no concern identified.
INV0000689,CLM0000586,1,Automated screening,2023-02-23,17,No automated concern,8,1,No,No,Cleared,,Synthetic demonstration record; no concern identified.
INV0000690,CLM0000587,1,Automated screening,2024-04-20,23,No automated concern,7,1,No,No,Cleared,,Synthetic demonstration record; no concern identified.
INV0000691,CLM0000588,1,Automated screening,2024-01-12,5,No automated concern,6,1,No,No,Cleared,,Synthetic demonstration record; no concern identified.
INV0000692,CLM0000589,1,Automated screening,2024-12-14,6,No automated concern,5,1,No,No,Cleared,,Synthetic demonstration record; no concern identified.
INV0000693,CLM0000590,1,Automated screening,2023-06-29,41,Repeated provider/member pattern,4,1,No,No,Evidence requested,2023-08-08,Synthetic demonstration record; review outcome is simulated.
INV0000694,CLM0000590,2,Analyst review,2023-07-07,47,Repeated provider/member pattern,4,1,No,No,No concern identified,2023-07-29,Synthetic demonstration record; review outcome is simulated.
INV0000695,CLM0000591,1,Automated screening,2024-11-28,0,No automated concern,3,1,No,No,Cleared,,Synthetic demonstration record; no concern identified.
INV0000696,CLM0000592,1,Automated screening,2025-01-10,2,No automated concern,2,1,No,No,Cleared,,Synthetic demonstration record; no concern identified.
INV0000697,CLM0000593,1,Automated screening,2023-11-13,0,No automated concern,1,1,No,No,Cleared,,Synthetic demonstration record; no concern identified.
INV0000698,CLM0000594,1,Automated screening,2022-06-01,22,No automated concern,8,1,No,No,Cleared,,Synthetic demonstration record; no concern identified.
INV0000699,CLM0000595,1,Automated screening,2024-01-26,75,High-value claim; unusual amount,7,1,No,No,Evidence requested,2024-02-22,Synthetic demonstration record; review outcome is simulated.
INV0000700,CLM0000595,2,Analyst review,2024-02-07,69,High-value claim; unusual amount,7,1,No,No,No concern identified,2024-03-20,Synthetic demonstration record; review outcome is simulated.
INV0000701,CLM0000595,3,Analyst review,2024-02-09,85,High-value claim; unusual amount,7,1,No,No,No concern identified,2024-03-10,Synthetic demonstration record; review outcome is simulated.
INV0000702,CLM0000596,1,Automated screening,2023-06-30,6,No automated concern,6,1,No,No,Cleared,,Synthetic demonstration record; no concern identified.
INV0000703,CLM0000597,1,Automated screening,2022-07-20,0,No automated concern,5,1,No,No,Cleared,,Synthetic demonstration record; no concern identified.
INV0000704,CLM0000598,1,Automated screening,2025-10-07,48,High-value claim,4,1,No,No,Evidence requested,2025-10-20,Synthetic demonstration record; review outcome is simulated.
INV0000705,CLM0000598,2,SIU review,2025-10-13,52,High-value claim,4,1,No,No,Referred to SIU,2025-11-22,Synthetic demonstration record; review outcome is simulated.
INV0000706,CLM0000599,1,Automated screening,2023-03-31,0,No automated concern,3,1,No,No,Cleared,,Synthetic demonstration record; no concern identified.
INV0000707,CLM0000600,1,Automated screening,2023-06-22,8,No automated concern,2,1,No,No,Cleared,,Synthetic demonstration record; no concern identified.
INV0000708,CLM0000601,1,Automated screening,2024-04-03,56,High-value claim,1,1,No,No,Evidence requested,2024-04-28,Synthetic demonstration record; review outcome is simulated.
INV0000709,CLM0000601,2,SIU review,2024-04-11,61,High-value claim,1,1,No,No,Referred to SIU,2024-05-17,Synthetic demonstration record; review outcome is simulated.
INV0000710,CLM0000602,1,Automated screening,2024-01-14,17,No automated concern,8,1,No,No,Cleared,,Synthetic demonstration record; no concern identified.
INV0000711,CLM0000603,1,Automated screening,2022-04-06,25,No automated concern,7,1,No,No,Cleared,,Synthetic demonstration record; no concern identified.
INV0000712,CLM0000604,1,Automated screening,2025-11-15,11,No automated concern,6,1,No,No,Cleared,,Synthetic demonstration record; no concern identified.
INV0000713,CLM0000605,1,Automated screening,2024-05-23,4,No automated concern,5,1,No,No,Cleared,,Synthetic demonstration record; no concern identified.
INV0000714,CLM0000606,1,Automated screening,2024-05-05,0,No automated concern,4,1,No,No,Cleared,,Synthetic demonstration record; no concern identified.
INV0000715,CLM0000607,1,Automated screening,2025-08-02,5,No automated concern,3,1,No,No,Cleared,,Synthetic demonstration record; no concern identified.
INV0000716,CLM0000608,1,Automated screening,2024-07-22,8,No automated concern,2,1,No,No,Cleared,,Synthetic demonstration record; no concern identified.
INV0000717,CLM0000609,1,Automated screening,2022-08-13,3,No automated concern,1,1,No,No,Cleared,,Synthetic demonstration record; no concern identified.
INV0000718,CLM0000610,1,Automated screening,2022-06-20,36,No automated concern,8,1,No,No,Cleared,,Synthetic demonstration record; no concern identified.
INV0000719,CLM0000611,1,Automated screening,2024-09-25,25,No automated concern,7,1,No,Yes,Cleared,,Synthetic demonstration record; no concern identified.
INV0000720,CLM0000612,1,Automated screening,2023-08-07,73,High-value claim; unusual amount,6,1,Yes,No,Evidence requested,2023-09-01,Synthetic demonstration record; review outcome is simulated.
INV0000721,CLM0000612,2,Analyst review,2023-08-13,78,High-value claim; unusual amount,6,1,Yes,No,No concern identified,2023-09-23,Synthetic demonstration record; review outcome is simulated.
INV0000722,CLM0000612,3,Analyst review,2023-08-20,76,High-value claim; unusual amount,6,1,Yes,No,No concern identified,2023-09-26,Synthetic demonstration record; review outcome is simulated.
INV0000723,CLM0000613,1,Automated screening,2025-02-26,7,No automated concern,5,1,No,No,Cleared,,Synthetic demonstration record; no concern identified.
INV0000724,CLM0000614,1,Automated screening,2025-01-18,9,No automated concern,4,1,No,No,Cleared,,Synthetic demonstration record; no concern identified.
INV0000725,CLM0000615,1,Automated screening,2025-06-06,4,No automated concern,3,1,No,No,Cleared,,Synthetic demonstration record; no concern identified.
INV0000726,CLM0000616,1,Automated screening,2024-10-26,0,No automated concern,2,1,No,No,Cleared,,Synthetic demonstration record; no concern identified.
INV0000727,CLM0000617,1,Automated screening,2024-06-27,8,No automated concern,1,1,No,No,Cleared,,Synthetic demonstration record; no concern identified.
INV0000728,CLM0000618,1,Automated screening,2025-01-11,22,No automated concern,8,1,No,No,Cleared,,Synthetic demonstration record; no concern identified.
INV0000729,CLM0000619,1,Automated screening,2024-04-03,17,No automated concern,7,1,No,No,Cleared,,Synthetic demonstration record; no concern identified.
INV0000730,CLM0000620,1,Automated screening,2022-02-03,3,No automated concern,6,1,No,No,Cleared,,Synthetic demonstration record; no concern identified.
INV0000731,CLM0000621,1,Automated screening,2024-12-26,35,Repeated provider/member pattern,5,1,No,No,Evidence requested,2025-02-05,Synthetic demonstration record; review outcome is simulated.
INV0000732,CLM0000621,2,Analyst review,2025-01-04,43,Repeated provider/member pattern,5,1,No,No,No concern identified,2025-02-05,Synthetic demonstration record; review outcome is simulated.
INV0000733,CLM0000622,1,Automated screening,2022-10-25,6,No automated concern,4,1,No,No,Cleared,,Synthetic demonstration record; no concern identified.
INV0000734,CLM0000623,1,Automated screening,2024-02-14,2,No automated concern,3,1,No,No,Cleared,,Synthetic demonstration record; no concern identified.
INV0000735,CLM0000624,1,Automated screening,2025-12-03,0,No automated concern,2,1,No,No,Cleared,,Synthetic demonstration record; no concern identified.
INV0000736,CLM0000625,1,Automated screening,2025-12-12,5,No automated concern,1,1,No,No,Cleared,,Synthetic demonstration record; no concern identified.
INV0000737,CLM0000626,1,Automated screening,2022-05-09,17,No automated concern,8,1,No,No,Cleared,,Synthetic demonstration record; no concern identified.
INV0000738,CLM0000627,1,Automated screening,2023-06-22,16,No automated concern,7,1,No,No,Cleared,,Synthetic demonstration record; no concern identified.
INV0000739,CLM0000628,1,Automated screening,2023-10-19,3,No automated concern,6,1,No,No,Cleared,,Synthetic demonstration record; no concern identified.
INV0000740,CLM0000629,1,Automated screening,2025-08-07,70,High-value claim; unusual amount,5,1,No,No,Evidence requested,2025-09-17,Synthetic demonstration record; review outcome is simulated.
INV0000741,CLM0000629,2,Analyst review,2025-08-10,75,High-value claim; unusual amount,5,1,No,No,No concern identified,2025-08-31,Synthetic demonstration record; review outcome is simulated.
INV0000742,CLM0000629,3,Analyst review,2025-08-17,84,High-value claim; unusual amount,5,1,No,No,No concern identified,2025-08-24,Synthetic demonstration record; review outcome is simulated.
INV0000743,CLM0000630,1,Automated screening,2024-04-11,10,No automated concern,4,1,No,No,Cleared,,Synthetic demonstration record; no concern identified.
INV0000744,CLM0000631,1,Automated screening,2025-12-31,9,No automated concern,3,1,No,No,Cleared,,Synthetic demonstration record; no concern identified.
INV0000745,CLM0000632,1,Automated screening,2023-07-07,7,No automated concern,2,1,No,No,Cleared,,Synthetic demonstration record; no concern identified.
INV0000746,CLM0000633,1,Automated screening,2022-12-25,6,No automated concern,1,1,No,No,Cleared,,Synthetic demonstration record; no concern identified.
INV0000747,CLM0000634,1,Automated screening,2024-08-21,15,No automated concern,8,1,No,No,Cleared,,Synthetic demonstration record; no concern identified.
INV0000748,CLM0000635,1,Automated screening,2025-07-21,25,No automated concern,7,1,No,No,Cleared,,Synthetic demonstration record; no concern identified.
INV0000749,CLM0000636,1,Automated screening,2025-01-13,5,No automated concern,6,1,No,No,Cleared,,Synthetic demonstration record; no concern identified.
INV0000750,CLM0000637,1,Automated screening,2022-03-13,2,No automated concern,5,1,No,No,Cleared,,Synthetic demonstration record; no concern identified.
INV0000751,CLM0000638,1,Automated screening,2025-02-12,10,No automated concern,4,1,No,No,Cleared,,Synthetic demonstration record; no concern identified.
INV0000752,CLM0000639,1,Automated screening,2024-09-01,26,No automated concern,3,1,No,No,Cleared,,Synthetic demonstration record; no concern identified.
INV0000753,CLM0000640,1,Automated screening,2024-12-08,1,No automated concern,2,1,No,No,Cleared,,Synthetic demonstration record; no concern identified.
INV0000754,CLM0000641,1,Automated screening,2022-07-10,9,No automated concern,1,1,No,No,Cleared,,Synthetic demonstration record; no concern identified.
INV0000755,CLM0000642,1,Automated screening,2025-04-30,20,No automated concern,8,1,No,No,Cleared,,Synthetic demonstration record; no concern identified.
INV0000756,CLM0000643,1,Automated screening,2022-10-07,23,No automated concern,7,1,No,No,Cleared,,Synthetic demonstration record; no concern identified.
INV0000757,CLM0000644,1,Automated screening,2025-08-30,45,High-value claim,6,1,No,No,Evidence requested,2025-09-11,Synthetic demonstration record; review outcome is simulated.
INV0000758,CLM0000644,2,SIU review,2025-09-07,61,High-value claim,6,1,No,No,Referred to SIU,2025-09-19,Synthetic demonstration record; review outcome is simulated.
INV0000759,CLM0000645,1,Automated screening,2023-10-28,8,No automated concern,5,1,No,No,Cleared,,Synthetic demonstration record; no concern identified.
INV0000760,CLM0000646,1,Automated screening,2025-10-23,71,High-value claim; unusual amount,4,1,No,No,Evidence requested,2025-11-14,Synthetic demonstration record; review outcome is simulated.
INV0000761,CLM0000646,2,Analyst review,2025-10-27,74,High-value claim; unusual amount,4,1,No,No,No concern identified,2025-11-11,Synthetic demonstration record; review outcome is simulated.
INV0000762,CLM0000646,3,Analyst review,2025-11-04,81,High-value claim; unusual amount,4,1,No,No,No concern identified,2025-12-16,Synthetic demonstration record; review outcome is simulated.
INV0000763,CLM0000647,1,Automated screening,2024-11-11,5,No automated concern,3,1,No,No,Cleared,,Synthetic demonstration record; no concern identified.
INV0000764,CLM0000648,1,Automated screening,2025-10-09,5,No automated concern,2,1,No,No,Cleared,,Synthetic demonstration record; no concern identified.
INV0000765,CLM0000649,1,Automated screening,2022-07-30,1,No automated concern,1,1,No,No,Cleared,,Synthetic demonstration record; no concern identified.
INV0000766,CLM0000650,1,Automated screening,2024-07-05,25,No automated concern,8,1,No,No,Cleared,,Synthetic demonstration record; no concern identified.
INV0000767,CLM0000651,1,Automated screening,2024-07-15,27,No automated concern,7,1,No,No,Cleared,,Synthetic demonstration record; no concern identified.
INV0000768,CLM0000652,1,Automated screening,2025-03-19,45,Repeated provider/member pattern,6,1,No,No,Evidence requested,2025-04-12,Synthetic demonstration record; review outcome is simulated.
INV0000769,CLM0000652,2,Analyst review,2025-03-29,43,Repeated provider/member pattern,6,1,No,No,No concern identified,2025-05-10,Synthetic demonstration record; review outcome is simulated.
INV0000770,CLM0000653,1,Automated screening,2025-10-26,10,No automated concern,5,1,No,No,Cleared,,Synthetic demonstration record; no concern identified.
INV0000771,CLM0000654,1,Automated screening,2024-08-20,4,No automated concern,4,1,No,No,Cleared,,Synthetic demonstration record; no concern identified.
INV0000772,CLM0000655,1,Automated screening,2023-12-06,6,No automated concern,3,1,No,No,Cleared,,Synthetic demonstration record; no concern identified.
INV0000773,CLM0000656,1,Automated screening,2025-05-08,10,No automated concern,2,1,No,No,Cleared,,Synthetic demonstration record; no concern identified.
INV0000774,CLM0000657,1,Automated screening,2023-07-06,8,No automated concern,1,1,No,No,Cleared,,Synthetic demonstration record; no concern identified.
INV0000775,CLM0000658,1,Automated screening,2022-09-07,25,No automated concern,8,1,No,No,Cleared,,Synthetic demonstration record; no concern identified.
INV0000776,CLM0000659,1,Automated screening,2025-05-24,20,No automated concern,7,1,Yes,No,Cleared,,Synthetic demonstration record; no concern identified.
INV0000777,CLM0000660,1,Automated screening,2024-07-19,8,No automated concern,6,1,No,No,Cleared,,Synthetic demonstration record; no concern identified.
INV0000778,CLM0000661,1,Automated screening,2023-10-23,9,No automated concern,5,1,No,No,Cleared,,Synthetic demonstration record; no concern identified.
INV0000779,CLM0000662,1,Automated screening,2024-10-16,2,No automated concern,4,1,No,No,Cleared,,Synthetic demonstration record; no concern identified.
INV0000780,CLM0000663,1,Automated screening,2025-11-27,71,High-value claim; unusual amount,3,1,No,No,Evidence requested,2025-12-21,Synthetic demonstration record; review outcome is simulated.
INV0000781,CLM0000663,2,Analyst review,2025-12-08,71,High-value claim; unusual amount,3,1,No,No,No concern identified,2026-01-16,Synthetic demonstration record; review outcome is simulated.
INV0000782,CLM0000663,3,Analyst review,2025-12-16,82,High-value claim; unusual amount,3,1,No,No,No concern identified,2026-01-14,Synthetic demonstration record; review outcome is simulated.
INV0000783,CLM0000664,1,Automated screening,2023-06-10,5,No automated concern,2,1,No,No,Cleared,,Synthetic demonstration record; no concern identified.
INV0000784,CLM0000665,1,Automated screening,2023-03-21,2,No automated concern,1,1,No,No,Cleared,,Synthetic demonstration record; no concern identified.
INV0000785,CLM0000666,1,Automated screening,2022-07-09,20,No automated concern,8,1,No,No,Cleared,,Synthetic demonstration record; no concern identified.
INV0000786,CLM0000667,1,Automated screening,2024-06-14,24,No automated concern,7,1,No,No,Cleared,,Synthetic demonstration record; no concern identified.
INV0000787,CLM0000668,1,Automated screening,2022-04-04,31,No automated concern,6,1,No,No,Cleared,,Synthetic demonstration record; no concern identified.
INV0000788,CLM0000669,1,Automated screening,2025-12-14,3,No automated concern,5,1,No,No,Cleared,,Synthetic demonstration record; no concern identified.
INV0000789,CLM0000670,1,Automated screening,2023-11-10,8,No automated concern,4,1,No,No,Cleared,,Synthetic demonstration record; no concern identified.
INV0000790,CLM0000671,1,Automated screening,2023-05-05,2,No automated concern,3,1,No,No,Cleared,,Synthetic demonstration record; no concern identified.
INV0000791,CLM0000672,1,Automated screening,2022-10-27,2,No automated concern,2,1,No,Yes,Cleared,,Synthetic demonstration record; no concern identified.
INV0000792,CLM0000673,1,Automated screening,2024-02-02,4,No automated concern,1,1,No,No,Cleared,,Synthetic demonstration record; no concern identified.
INV0000793,CLM0000674,1,Automated screening,2022-03-25,25,No automated concern,8,1,No,No,Cleared,,Synthetic demonstration record; no concern identified.
INV0000794,CLM0000675,1,Automated screening,2022-06-08,25,No automated concern,7,1,No,No,Cleared,,Synthetic demonstration record; no concern identified.
INV0000795,CLM0000676,1,Automated screening,2023-10-20,5,No automated concern,6,1,No,No,Cleared,,Synthetic demonstration record; no concern identified.
INV0000796,CLM0000677,1,Automated screening,2024-01-06,12,No automated concern,5,1,No,No,Cleared,,Synthetic demonstration record; no concern identified.
INV0000797,CLM0000678,1,Automated screening,2022-08-08,6,No automated concern,4,1,No,No,Cleared,,Synthetic demonstration record; no concern identified.
INV0000798,CLM0000679,1,Automated screening,2022-10-03,12,No automated concern,3,1,No,No,Cleared,,Synthetic demonstration record; no concern identified.
INV0000799,CLM0000680,1,Automated screening,2026-01-03,69,High-value claim; unusual amount,2,1,No,No,Evidence requested,2026-01-11,Synthetic demonstration record; review outcome is simulated.
INV0000800,CLM0000680,2,Analyst review,2026-01-07,73,High-value claim; unusual amount,2,1,No,No,No concern identified,2026-01-27,Synthetic demonstration record; review outcome is simulated.
INV0000801,CLM0000680,3,Analyst review,2026-01-19,81,High-value claim; unusual amount,2,1,No,No,No concern identified,2026-02-14,Synthetic demonstration record; review outcome is simulated.
INV0000802,CLM0000681,1,Automated screening,2025-09-04,2,No automated concern,1,1,No,No,Cleared,,Synthetic demonstration record; no concern identified.
INV0000803,CLM0000682,1,Automated screening,2022-07-10,20,No automated concern,8,1,No,No,Cleared,,Synthetic demonstration record; no concern identified.
INV0000804,CLM0000683,1,Automated screening,2025-05-06,47,Repeated provider/member pattern,7,1,No,No,Evidence requested,2025-06-05,Synthetic demonstration record; review outcome is simulated.
INV0000805,CLM0000683,2,Analyst review,2025-05-11,48,Repeated provider/member pattern,7,1,No,No,No concern identified,2025-06-15,Synthetic demonstration record; review outcome is simulated.
INV0000806,CLM0000684,1,Automated screening,2024-05-28,5,No automated concern,6,1,No,No,Cleared,,Synthetic demonstration record; no concern identified.
INV0000807,CLM0000685,1,Automated screening,2023-10-28,3,No automated concern,5,1,No,No,Cleared,,Synthetic demonstration record; no concern identified.
INV0000808,CLM0000686,1,Automated screening,2024-12-09,2,No automated concern,4,1,No,No,Cleared,,Synthetic demonstration record; no concern identified.
INV0000809,CLM0000687,1,Automated screening,2025-03-25,0,No automated concern,3,1,No,No,Cleared,,Synthetic demonstration record; no concern identified.
INV0000810,CLM0000688,1,Automated screening,2022-07-03,8,No automated concern,2,1,No,No,Cleared,,Synthetic demonstration record; no concern identified.
INV0000811,CLM0000689,1,Automated screening,2025-02-15,11,No automated concern,1,1,No,No,Cleared,,Synthetic demonstration record; no concern identified.
INV0000812,CLM0000690,1,Automated screening,2024-11-26,19,No automated concern,8,1,No,No,Cleared,,Synthetic demonstration record; no concern identified.
INV0000813,CLM0000691,1,Automated screening,2024-04-09,16,No automated concern,7,1,No,No,Cleared,,Synthetic demonstration record; no concern identified.
INV0000814,CLM0000692,1,Automated screening,2022-09-29,10,No automated concern,6,1,No,No,Cleared,,Synthetic demonstration record; no concern identified.
INV0000815,CLM0000693,1,Automated screening,2024-08-17,10,No automated concern,5,1,No,No,Cleared,,Synthetic demonstration record; no concern identified.
INV0000816,CLM0000694,1,Automated screening,2025-06-06,9,No automated concern,4,1,No,No,Cleared,,Synthetic demonstration record; no concern identified.
INV0000817,CLM0000695,1,Automated screening,2023-12-01,9,No automated concern,3,1,No,No,Cleared,,Synthetic demonstration record; no concern identified.
INV0000818,CLM0000696,1,Automated screening,2022-01-30,2,No automated concern,2,1,No,No,Cleared,,Synthetic demonstration record; no concern identified.
INV0000819,CLM0000697,1,Automated screening,2025-04-25,70,High-value claim; unusual amount,1,1,No,No,Evidence requested,2025-05-14,Synthetic demonstration record; review outcome is simulated.
INV0000820,CLM0000697,2,Analyst review,2025-04-30,71,High-value claim; unusual amount,1,1,No,No,No concern identified,2025-06-02,Synthetic demonstration record; review outcome is simulated.
INV0000821,CLM0000697,3,Analyst review,2025-05-08,80,High-value claim; unusual amount,1,1,No,No,No concern identified,2025-06-17,Synthetic demonstration record; review outcome is simulated.
INV0000822,CLM0000698,1,Automated screening,2025-11-02,23,No automated concern,8,1,No,No,Cleared,,Synthetic demonstration record; no concern identified.
INV0000823,CLM0000699,1,Automated screening,2025-07-03,16,No automated concern,7,1,No,No,Cleared,,Synthetic demonstration record; no concern identified.
INV0000824,CLM0000700,1,Automated screening,2025-01-11,2,No automated concern,6,1,No,No,Cleared,,Synthetic demonstration record; no concern identified.
INV0000825,CLM0000701,1,Automated screening,2025-09-23,8,No automated concern,5,1,No,No,Cleared,,Synthetic demonstration record; no concern identified.
INV0000826,CLM0000702,1,Automated screening,2024-05-29,7,No automated concern,4,1,No,No,Cleared,,Synthetic demonstration record; no concern identified.
INV0000827,CLM0000703,1,Automated screening,2022-09-22,9,No automated concern,3,1,No,No,Cleared,,Synthetic demonstration record; no concern identified.
INV0000828,CLM0000704,1,Automated screening,2023-11-25,2,No automated concern,2,1,No,No,Cleared,,Synthetic demonstration record; no concern identified.
INV0000829,CLM0000705,1,Automated screening,2024-09-13,2,No automated concern,1,1,No,No,Cleared,,Synthetic demonstration record; no concern identified.
INV0000830,CLM0000706,1,Automated screening,2022-11-14,19,No automated concern,8,1,Yes,No,Cleared,,Synthetic demonstration record; no concern identified.
INV0000831,CLM0000707,1,Automated screening,2024-11-26,19,No automated concern,7,1,No,No,Cleared,,Synthetic demonstration record; no concern identified.
INV0000832,CLM0000708,1,Automated screening,2022-11-20,9,No automated concern,6,1,No,No,Cleared,,Synthetic demonstration record; no concern identified.
INV0000833,CLM0000709,1,Automated screening,2022-03-16,1,No automated concern,5,1,No,No,Cleared,,Synthetic demonstration record; no concern identified.
INV0000834,CLM0000710,1,Automated screening,2024-10-04,4,No automated concern,4,1,No,No,Cleared,,Synthetic demonstration record; no concern identified.
INV0000835,CLM0000711,1,Automated screening,2022-06-24,10,No automated concern,3,1,No,No,Cleared,,Synthetic demonstration record; no concern identified.
INV0000836,CLM0000712,1,Automated screening,2023-05-25,8,No automated concern,2,1,No,No,Cleared,,Synthetic demonstration record; no concern identified.
INV0000837,CLM0000713,1,Automated screening,2023-11-18,10,No automated concern,1,1,No,No,Cleared,,Synthetic demonstration record; no concern identified.
INV0000838,CLM0000714,1,Automated screening,2023-01-29,69,High-value claim; unusual amount,8,1,No,No,Evidence requested,2023-02-15,Synthetic demonstration record; review outcome is simulated.
INV0000839,CLM0000714,2,Analyst review,2023-02-06,79,High-value claim; unusual amount,8,1,No,No,No concern identified,2023-02-19,Synthetic demonstration record; review outcome is simulated.
INV0000840,CLM0000714,3,Analyst review,2023-02-11,80,High-value claim; unusual amount,8,1,No,No,No concern identified,2023-02-25,Synthetic demonstration record; review outcome is simulated.
INV0000841,CLM0000715,1,Automated screening,2023-02-28,27,No automated concern,7,1,No,No,Cleared,,Synthetic demonstration record; no concern identified.
INV0000842,CLM0000716,1,Automated screening,2022-07-09,4,No automated concern,6,1,No,No,Cleared,,Synthetic demonstration record; no concern identified.
INV0000843,CLM0000717,1,Automated screening,2025-08-02,6,No automated concern,5,1,No,No,Cleared,,Synthetic demonstration record; no concern identified.
INV0000844,CLM0000718,1,Automated screening,2023-06-06,8,No automated concern,4,1,No,No,Cleared,,Synthetic demonstration record; no concern identified.
INV0000845,CLM0000719,1,Automated screening,2022-12-29,6,No automated concern,3,1,No,No,Cleared,,Synthetic demonstration record; no concern identified.
INV0000846,CLM0000720,1,Automated screening,2022-09-22,5,No automated concern,2,1,No,No,Cleared,,Synthetic demonstration record; no concern identified.
INV0000847,CLM0000721,1,Automated screening,2024-06-16,3,No automated concern,1,1,No,No,Cleared,,Synthetic demonstration record; no concern identified.
INV0000848,CLM0000722,1,Automated screening,2022-04-14,21,No automated concern,8,1,No,No,Cleared,,Synthetic demonstration record; no concern identified.
INV0000849,CLM0000723,1,Automated screening,2023-11-07,21,No automated concern,7,1,No,No,Cleared,,Synthetic demonstration record; no concern identified.
INV0000850,CLM0000724,1,Automated screening,2025-08-02,12,No automated concern,6,1,No,No,Cleared,,Synthetic demonstration record; no concern identified.
INV0000851,CLM0000725,1,Automated screening,2024-12-31,8,No automated concern,5,1,No,No,Cleared,,Synthetic demonstration record; no concern identified.
INV0000852,CLM0000726,1,Automated screening,2023-08-12,27,No automated concern,4,1,No,No,Cleared,,Synthetic demonstration record; no concern identified.
INV0000853,CLM0000727,1,Automated screening,2024-11-04,7,No automated concern,3,1,No,No,Cleared,,Synthetic demonstration record; no concern identified.
INV0000854,CLM0000728,1,Automated screening,2025-08-30,5,No automated concern,2,1,No,No,Cleared,,Synthetic demonstration record; no concern identified.
INV0000855,CLM0000729,1,Automated screening,2024-05-13,6,No automated concern,1,1,No,No,Cleared,,Synthetic demonstration record; no concern identified.
INV0000856,CLM0000730,1,Automated screening,2022-08-02,22,No automated concern,8,1,No,No,Cleared,,Synthetic demonstration record; no concern identified.
INV0000857,CLM0000731,1,Automated screening,2024-03-11,66,High-value claim; unusual amount,7,1,No,No,Evidence requested,2024-04-12,Synthetic demonstration record; review outcome is simulated.
INV0000858,CLM0000731,2,Analyst review,2024-03-18,78,High-value claim; unusual amount,7,1,No,No,No concern identified,2024-04-07,Synthetic demonstration record; review outcome is simulated.
INV0000859,CLM0000731,3,Analyst review,2024-03-25,75,High-value claim; unusual amount,7,1,No,No,No concern identified,2024-04-19,Synthetic demonstration record; review outcome is simulated.
INV0000860,CLM0000732,1,Automated screening,2024-02-06,2,No automated concern,6,1,No,No,Cleared,,Synthetic demonstration record; no concern identified.
INV0000861,CLM0000733,1,Automated screening,2025-03-01,9,No automated concern,5,1,No,Yes,Cleared,,Synthetic demonstration record; no concern identified.
INV0000862,CLM0000734,1,Automated screening,2024-02-14,8,No automated concern,4,1,No,No,Cleared,,Synthetic demonstration record; no concern identified.
INV0000863,CLM0000735,1,Automated screening,2025-12-13,1,No automated concern,3,1,No,No,Cleared,,Synthetic demonstration record; no concern identified.
INV0000864,CLM0000736,1,Automated screening,2024-05-30,2,No automated concern,2,1,No,No,Cleared,,Synthetic demonstration record; no concern identified.
INV0000865,CLM0000737,1,Automated screening,2024-09-14,3,No automated concern,1,1,No,No,Cleared,,Synthetic demonstration record; no concern identified.
INV0000866,CLM0000738,1,Automated screening,2025-09-12,20,No automated concern,8,1,No,No,Cleared,,Synthetic demonstration record; no concern identified.
INV0000867,CLM0000739,1,Automated screening,2024-05-14,15,No automated concern,7,1,No,No,Cleared,,Synthetic demonstration record; no concern identified.
INV0000868,CLM0000740,1,Automated screening,2022-12-22,9,No automated concern,6,1,No,No,Cleared,,Synthetic demonstration record; no concern identified.
INV0000869,CLM0000741,1,Automated screening,2023-06-17,7,No automated concern,5,1,No,No,Cleared,,Synthetic demonstration record; no concern identified.
INV0000870,CLM0000742,1,Automated screening,2023-07-13,1,No automated concern,4,1,No,No,Cleared,,Synthetic demonstration record; no concern identified.
INV0000871,CLM0000743,1,Automated screening,2023-10-18,2,No automated concern,3,1,No,No,Cleared,,Synthetic demonstration record; no concern identified.
INV0000872,CLM0000744,1,Automated screening,2022-03-17,10,No automated concern,2,1,No,No,Cleared,,Synthetic demonstration record; no concern identified.
INV0000873,CLM0000745,1,Automated screening,2025-12-11,47,Repeated provider/member pattern,1,1,No,No,Evidence requested,2025-12-20,Synthetic demonstration record; review outcome is simulated.
INV0000874,CLM0000745,2,Analyst review,2025-12-20,42,Repeated provider/member pattern,1,1,No,No,No concern identified,2026-01-26,Synthetic demonstration record; review outcome is simulated.
INV0000875,CLM0000746,1,Automated screening,2024-08-28,21,No automated concern,8,1,No,No,Cleared,,Synthetic demonstration record; no concern identified.
INV0000876,CLM0000747,1,Automated screening,2023-09-08,16,No automated concern,7,1,No,No,Cleared,,Synthetic demonstration record; no concern identified.
INV0000877,CLM0000748,1,Automated screening,2023-03-10,65,High-value claim; unusual amount,6,1,No,No,Evidence requested,2023-03-31,Synthetic demonstration record; review outcome is simulated.
INV0000878,CLM0000748,2,Analyst review,2023-03-20,74,High-value claim; unusual amount,6,1,No,No,No concern identified,2023-03-28,Synthetic demonstration record; review outcome is simulated.
INV0000879,CLM0000748,3,Analyst review,2023-03-24,79,High-value claim; unusual amount,6,1,No,No,No concern identified,2023-04-19,Synthetic demonstration record; review outcome is simulated.
INV0000880,CLM0000749,1,Automated screening,2025-04-14,6,No automated concern,5,1,No,No,Cleared,,Synthetic demonstration record; no concern identified.
INV0000881,CLM0000750,1,Automated screening,2022-02-24,1,No automated concern,4,1,No,No,Cleared,,Synthetic demonstration record; no concern identified.
INV0000882,CLM0000751,1,Automated screening,2025-10-03,1,No automated concern,3,1,No,No,Cleared,,Synthetic demonstration record; no concern identified.
INV0000883,CLM0000752,1,Automated screening,2025-01-22,7,No automated concern,2,1,No,No,Cleared,,Synthetic demonstration record; no concern identified.
INV0000884,CLM0000753,1,Automated screening,2023-10-05,0,No automated concern,1,1,Yes,No,Cleared,,Synthetic demonstration record; no concern identified.
INV0000885,CLM0000754,1,Automated screening,2024-10-06,27,No automated concern,8,1,No,No,Cleared,,Synthetic demonstration record; no concern identified.
INV0000886,CLM0000755,1,Automated screening,2024-12-05,42,No automated concern,7,1,No,No,Cleared,,Synthetic demonstration record; no concern identified.
INV0000887,CLM0000756,1,Automated screening,2022-01-11,5,No automated concern,6,1,No,No,Cleared,,Synthetic demonstration record; no concern identified.
INV0000888,CLM0000757,1,Automated screening,2023-02-16,3,No automated concern,5,1,No,No,Cleared,,Synthetic demonstration record; no concern identified.
INV0000889,CLM0000758,1,Automated screening,2024-01-03,9,No automated concern,4,1,No,No,Cleared,,Synthetic demonstration record; no concern identified.
INV0000890,CLM0000759,1,Automated screening,2022-03-30,2,No automated concern,3,1,No,No,Cleared,,Synthetic demonstration record; no concern identified.
INV0000891,CLM0000760,1,Automated screening,2024-10-05,2,No automated concern,2,1,No,No,Cleared,,Synthetic demonstration record; no concern identified.
INV0000892,CLM0000761,1,Automated screening,2023-10-21,0,No automated concern,1,1,No,No,Cleared,,Synthetic demonstration record; no concern identified.
INV0000893,CLM0000762,1,Automated screening,2024-05-27,15,No automated concern,8,1,No,No,Cleared,,Synthetic demonstration record; no concern identified.
INV0000894,CLM0000763,1,Automated screening,2024-01-10,20,No automated concern,7,1,No,No,Cleared,,Synthetic demonstration record; no concern identified.
INV0000895,CLM0000764,1,Automated screening,2023-06-19,4,No automated concern,6,1,No,No,Cleared,,Synthetic demonstration record; no concern identified.
INV0000896,CLM0000765,1,Automated screening,2025-04-22,69,High-value claim; unusual amount,5,1,No,No,Evidence requested,2025-06-05,Synthetic demonstration record; review outcome is simulated.
INV0000897,CLM0000765,2,Analyst review,2025-05-01,79,High-value claim; unusual amount,5,1,No,No,No concern identified,2025-05-23,Synthetic demonstration record; review outcome is simulated.
INV0000898,CLM0000765,3,Analyst review,2025-05-09,76,High-value claim; unusual amount,5,1,No,No,No concern identified,2025-06-09,Synthetic demonstration record; review outcome is simulated.
INV0000899,CLM0000766,1,Automated screening,2024-10-02,8,No automated concern,4,1,No,No,Cleared,,Synthetic demonstration record; no concern identified.
INV0000900,CLM0000767,1,Automated screening,2023-02-10,6,No automated concern,3,1,No,No,Cleared,,Synthetic demonstration record; no concern identified.
INV0000901,CLM0000768,1,Automated screening,2024-02-17,2,No automated concern,2,1,No,No,Cleared,,Synthetic demonstration record; no concern identified.
INV0000902,CLM0000769,1,Automated screening,2024-04-03,10,No automated concern,1,1,No,No,Cleared,,Synthetic demonstration record; no concern identified.
INV0000903,CLM0000770,1,Automated screening,2024-06-15,20,No automated concern,8,1,No,No,Cleared,,Synthetic demonstration record; no concern identified.
INV0000904,CLM0000771,1,Automated screening,2024-10-05,21,No automated concern,7,1,No,No,Cleared,,Synthetic demonstration record; no concern identified.
INV0000905,CLM0000772,1,Automated screening,2024-05-10,7,No automated concern,6,1,No,No,Cleared,,Synthetic demonstration record; no concern identified.
INV0000906,CLM0000773,1,Automated screening,2024-05-25,5,No automated concern,5,1,No,No,Cleared,,Synthetic demonstration record; no concern identified.
INV0000907,CLM0000774,1,Automated screening,2022-01-28,11,No automated concern,4,1,No,No,Cleared,,Synthetic demonstration record; no concern identified.
INV0000908,CLM0000775,1,Automated screening,2025-06-01,8,No automated concern,3,1,No,No,Cleared,,Synthetic demonstration record; no concern identified.
INV0000909,CLM0000776,1,Automated screening,2025-05-15,35,Repeated provider/member pattern,2,1,No,No,Evidence requested,2025-06-14,Synthetic demonstration record; review outcome is simulated.
INV0000910,CLM0000776,2,Analyst review,2025-05-22,48,Repeated provider/member pattern,2,1,No,No,No concern identified,2025-06-01,Synthetic demonstration record; review outcome is simulated.
INV0000911,CLM0000777,1,Automated screening,2023-04-05,8,No automated concern,1,1,No,No,Cleared,,Synthetic demonstration record; no concern identified.
INV0000912,CLM0000778,1,Automated screening,2022-03-25,24,No automated concern,8,1,No,No,Cleared,,Synthetic demonstration record; no concern identified.
INV0000913,CLM0000779,1,Automated screening,2022-10-17,20,No automated concern,7,1,No,No,Cleared,,Synthetic demonstration record; no concern identified.
INV0000914,CLM0000780,1,Automated screening,2025-02-15,4,No automated concern,6,1,No,No,Cleared,,Synthetic demonstration record; no concern identified.
INV0000915,CLM0000781,1,Automated screening,2024-01-13,2,No automated concern,5,1,No,No,Cleared,,Synthetic demonstration record; no concern identified.
INV0000916,CLM0000782,1,Automated screening,2022-06-27,72,High-value claim; unusual amount,4,1,No,No,Evidence requested,2022-08-02,Synthetic demonstration record; review outcome is simulated.
INV0000917,CLM0000782,2,Analyst review,2022-07-08,70,High-value claim; unusual amount,4,1,No,No,No concern identified,2022-07-24,Synthetic demonstration record; review outcome is simulated.
INV0000918,CLM0000782,3,Analyst review,2022-07-13,76,High-value claim; unusual amount,4,1,No,No,No concern identified,2022-07-29,Synthetic demonstration record; review outcome is simulated.
INV0000919,CLM0000783,1,Automated screening,2024-01-23,1,No automated concern,3,1,No,No,Cleared,,Synthetic demonstration record; no concern identified.
INV0000920,CLM0000784,1,Automated screening,2022-12-21,27,No automated concern,2,1,No,No,Cleared,,Synthetic demonstration record; no concern identified.
INV0000921,CLM0000785,1,Automated screening,2025-04-07,0,No automated concern,1,1,No,No,Cleared,,Synthetic demonstration record; no concern identified.
INV0000922,CLM0000786,1,Automated screening,2025-10-24,21,No automated concern,8,1,No,No,Cleared,,Synthetic demonstration record; no concern identified.
INV0000923,CLM0000787,1,Automated screening,2024-02-23,22,No automated concern,7,1,No,No,Cleared,,Synthetic demonstration record; no concern identified.
INV0000924,CLM0000788,1,Automated screening,2022-08-28,7,No automated concern,6,1,No,No,Cleared,,Synthetic demonstration record; no concern identified.
INV0000925,CLM0000789,1,Automated screening,2023-11-25,0,No automated concern,5,1,No,No,Cleared,,Synthetic demonstration record; no concern identified.
INV0000926,CLM0000790,1,Automated screening,2025-02-23,2,No automated concern,4,1,No,No,Cleared,,Synthetic demonstration record; no concern identified.
INV0000927,CLM0000791,1,Automated screening,2025-02-21,12,No automated concern,3,1,No,No,Cleared,,Synthetic demonstration record; no concern identified.
INV0000928,CLM0000792,1,Automated screening,2022-02-22,1,No automated concern,2,1,No,No,Cleared,,Synthetic demonstration record; no concern identified.
INV0000929,CLM0000793,1,Automated screening,2023-08-25,8,No automated concern,1,1,No,No,Cleared,,Synthetic demonstration record; no concern identified.
INV0000930,CLM0000794,1,Automated screening,2025-01-21,23,No automated concern,8,1,No,Yes,Cleared,,Synthetic demonstration record; no concern identified.
INV0000931,CLM0000795,1,Automated screening,2022-10-30,26,No automated concern,7,1,No,No,Cleared,,Synthetic demonstration record; no concern identified.
INV0000932,CLM0000796,1,Automated screening,2025-06-24,10,No automated concern,6,1,No,No,Cleared,,Synthetic demonstration record; no concern identified.
INV0000933,CLM0000797,1,Automated screening,2022-02-20,9,No automated concern,5,1,No,No,Cleared,,Synthetic demonstration record; no concern identified.
INV0000934,CLM0000798,1,Automated screening,2023-07-01,7,No automated concern,4,1,No,No,Cleared,,Synthetic demonstration record; no concern identified.
INV0000935,CLM0000799,1,Automated screening,2025-01-30,66,High-value claim; unusual amount,3,1,No,No,Evidence requested,2025-02-15,Synthetic demonstration record; review outcome is simulated.
INV0000936,CLM0000799,2,Analyst review,2025-02-06,79,High-value claim; unusual amount,3,1,No,No,No concern identified,2025-03-06,Synthetic demonstration record; review outcome is simulated.
INV0000937,CLM0000799,3,Analyst review,2025-02-10,80,High-value claim; unusual amount,3,1,No,No,No concern identified,2025-03-16,Synthetic demonstration record; review outcome is simulated.
INV0000938,CLM0000800,1,Automated screening,2022-06-25,3,No automated concern,2,1,Yes,No,Cleared,,Synthetic demonstration record; no concern identified.
